county_fips,county_name,period,score,rank_national,rank_state,confidence,top_positive_factors,top_negative_factors,evidence_json
22017,"Caddo, LA",2025-12-01,0.99968,1,1,high,"[{""feature_id"": ""census_acs_poverty_population__per_capita"", ""contribution"": 1.6693, ""value"": 0.241963}, {""feature_id"": ""fema_nri_risk_score__latest_value"", ""contribution"": 1.0324, ""value"": 91.49}, {""feature_id"": ""fema_nri_risk_score__zscore_national"", ""contribution"": 1.0324, ""value"": 2.598905}]","[{""feature_id"": ""bls_laus_unemployment_rate__rank_state"", ""contribution"": -0.1284, ""value"": 3.0}, {""feature_id"": ""census_acs_poverty_population__zscore_national"", ""contribution"": -0.0481, ""value"": -1.168788}, {""feature_id"": ""census_acs_poverty_population__latest_value"", ""contribution"": -0.0481, ""value"": 27112.0}]","{""recipe_id"": ""labour_shock_monitor"", ""event_id"": ""unemployment_spike_2pp_12m"", ""model_version"": ""exp4-logistic_regression"", ""feature_null_share"": 0.0, ""missing_model_features"": [], ""features_used"": {""bls_laus_labor_force__latest_value"": 679549.0, ""bls_laus_labor_force__pct_change_12m"": 0.0, ""bls_laus_labor_force__zscore_national"": 0.788909, ""bls_laus_unemployed__latest_value"": 58441.0, ""bls_laus_unemployed__pct_change_12m"": 53.573869, ""bls_laus_unemployed__zscore_national"": 2.327734, ""bls_laus_unemployment_rate__change_1m"": -0.2, ""bls_laus_unemployment_rate__change_3m"": 0.0, ""bls_laus_unemployment_rate__latest_value"": 8.6, ""bls_laus_unemployment_rate__missing_indicator"": 0.0, ""bls_laus_unemployment_rate__pct_change_12m"": 53.571429, ""bls_laus_unemployment_rate__rank_national"": 5.0, ""bls_laus_unemployment_rate__rank_state"": 3.0, ""bls_laus_unemployment_rate__rolling_avg_12m"": 7.6, ""bls_laus_unemployment_rate__rolling_avg_3m"": 8.7, ""bls_laus_unemployment_rate__zscore_national"": 1.982214, ""bls_laus_unemployment_rate__zscore_state"": 0.727471, ""census_acs_median_gross_rent__latest_value"": 1586.0, ""census_acs_median_gross_rent__rank_national"": 20.0, ""census_acs_median_gross_rent__zscore_national"": 0.542999, ""census_acs_median_household_income__latest_value"": 48813.0, ""census_acs_median_household_income__rank_national"": 59.0, ""census_acs_median_household_income__zscore_national"": -1.40955, ""census_acs_poverty_population__latest_value"": 27112.0, ""census_acs_poverty_population__per_capita"": 0.241963, ""census_acs_poverty_population__zscore_national"": -1.168788, ""fema_nri_community_resilience__latest_value"": 56.82, ""fema_nri_community_resilience__rank_national"": 21.0, ""fema_nri_community_resilience__zscore_national"": 0.622058, ""fema_nri_eal_score__latest_value"": 90.62, ""fema_nri_eal_score__rank_national"": 2.0, ""fema_nri_eal_score__zscore_national"": 2.63443, ""fema_nri_risk_score__latest_value"": 91.49, ""fema_nri_risk_score__rank_national"": 2.0, ""fema_nri_risk_score__zscore_national"": 2.598905, ""fema_nri_social_vulnerability__latest_value"": 61.3, ""fema_nri_social_vulnerability__rank_national"": 7.0, ""fema_nri_social_vulnerability__zscore_national"": 1.14241}}"
01073,"Jefferson, AL",2025-12-01,0.997933,2,1,high,"[{""feature_id"": ""census_acs_poverty_population__per_capita"", ""contribution"": 1.2551, ""value"": 0.21367}, {""feature_id"": ""fema_nri_eal_score__zscore_national"", ""contribution"": 1.2055, ""value"": 3.10641}, {""feature_id"": ""fema_nri_eal_score__latest_value"", ""contribution"": 1.2055, ""value"": 100.0}]","[{""feature_id"": ""bls_laus_unemployed__latest_value"", ""contribution"": -0.1889, ""value"": 1035.0}, {""feature_id"": ""bls_laus_unemployed__zscore_national"", ""contribution"": -0.1718, ""value"": -1.544628}, {""feature_id"": ""bls_laus_unemployment_rate__change_3m"", ""contribution"": -0.0393, ""value"": 0.3}]","{""recipe_id"": ""labour_shock_monitor"", ""event_id"": ""unemployment_spike_2pp_12m"", ""model_version"": ""exp4-logistic_regression"", ""feature_null_share"": 0.0263, ""missing_model_features"": [], ""features_used"": {""bls_laus_labor_force__latest_value"": 14796.0, ""bls_laus_labor_force__pct_change_12m"": 0.0, ""bls_laus_labor_force__zscore_national"": -1.853469, ""bls_laus_unemployed__latest_value"": 1035.0, ""bls_laus_unemployed__pct_change_12m"": 6.045082, ""bls_laus_unemployed__zscore_national"": -1.544628, ""bls_laus_unemployment_rate__change_1m"": 0.2, ""bls_laus_unemployment_rate__change_3m"": 0.3, ""bls_laus_unemployment_rate__latest_value"": 7.0, ""bls_laus_unemployment_rate__missing_indicator"": 0.0, ""bls_laus_unemployment_rate__pct_change_12m"": 6.060606, ""bls_laus_unemployment_rate__rank_national"": 10.0, ""bls_laus_unemployment_rate__rank_state"": 1.0, ""bls_laus_unemployment_rate__rolling_avg_12m"": 6.791667, ""bls_laus_unemployment_rate__rolling_avg_3m"": 6.866667, ""bls_laus_unemployment_rate__zscore_national"": 1.077674, ""bls_laus_unemployment_rate__zscore_state"": null, ""census_acs_median_gross_rent__latest_value"": 824.0, ""census_acs_median_gross_rent__rank_national"": 63.0, ""census_acs_median_gross_rent__zscore_national"": -1.690552, ""census_acs_median_household_income__latest_value"": 45909.0, ""census_acs_median_household_income__rank_national"": 60.0, ""census_acs_median_household_income__zscore_national"": -1.603609, ""census_acs_poverty_population__latest_value"": 299759.0, ""census_acs_poverty_population__per_capita"": 0.21367, ""census_acs_poverty_population__zscore_national"": 1.268324, ""fema_nri_community_resilience__latest_value"": 65.48, ""fema_nri_community_resilience__rank_national"": 8.0, ""fema_nri_community_resilience__zscore_national"": 1.337675, ""fema_nri_eal_score__latest_value"": 100.0, ""fema_nri_eal_score__rank_national"": 1.0, ""fema_nri_eal_score__zscore_national"": 3.10641, ""fema_nri_risk_score__latest_value"": 94.95, ""fema_nri_risk_score__rank_national"": 1.0, ""fema_nri_risk_score__zscore_national"": 2.773651, ""fema_nri_social_vulnerability__latest_value"": 64.33, ""fema_nri_social_vulnerability__rank_national"": 5.0, ""fema_nri_social_vulnerability__zscore_national"": 1.312965}}"
05119,"Pulaski, AR",2025-12-01,0.997895,3,1,high,"[{""feature_id"": ""census_acs_poverty_population__per_capita"", ""contribution"": 1.4089, ""value"": 0.224171}, {""feature_id"": ""fema_nri_social_vulnerability__latest_value"", ""contribution"": 0.7987, ""value"": 73.73}, {""feature_id"": ""fema_nri_social_vulnerability__zscore_national"", ""contribution"": 0.7987, ""value"": 1.842081}]","[{""feature_id"": ""bls_laus_unemployment_rate__change_3m"", ""contribution"": -0.0538, ""value"": 0.4}, {""feature_id"": ""fema_nri_community_resilience__rank_national"", ""contribution"": -0.033, ""value"": 50.0}, {""feature_id"": ""fema_nri_community_resilience__latest_value"", ""contribution"": -0.0317, ""value"": 37.87}]","{""recipe_id"": ""labour_shock_monitor"", ""event_id"": ""unemployment_spike_2pp_12m"", ""model_version"": ""exp4-logistic_regression"", ""feature_null_share"": 0.0263, ""missing_model_features"": [], ""features_used"": {""bls_laus_labor_force__latest_value"": 378435.0, ""bls_laus_labor_force__pct_change_12m"": 0.0, ""bls_laus_labor_force__zscore_national"": -0.408013, ""bls_laus_unemployed__latest_value"": 29139.0, ""bls_laus_unemployed__pct_change_12m"": 57.142857, ""bls_laus_unemployed__zscore_national"": 0.351147, ""bls_laus_unemployment_rate__change_1m"": 0.3, ""bls_laus_unemployment_rate__change_3m"": 0.4, ""bls_laus_unemployment_rate__latest_value"": 7.7, ""bls_laus_unemployment_rate__missing_indicator"": 0.0, ""bls_laus_unemployment_rate__pct_change_12m"": 57.142857, ""bls_laus_unemployment_rate__rank_national"": 9.0, ""bls_laus_unemployment_rate__rank_state"": 1.0, ""bls_laus_unemployment_rate__rolling_avg_12m"": 6.125, ""bls_laus_unemployment_rate__rolling_avg_3m"": 7.5, ""bls_laus_unemployment_rate__zscore_national"": 1.47341, ""bls_laus_unemployment_rate__zscore_state"": null, ""census_acs_median_gross_rent__latest_value"": 1442.0, ""census_acs_median_gross_rent__rank_national"": 31.0, ""census_acs_median_gross_rent__zscore_national"": 0.120911, ""census_acs_median_household_income__latest_value"": 42663.0, ""census_acs_median_household_income__rank_national"": 63.0, ""census_acs_median_household_income__zscore_national"": -1.820522, ""census_acs_poverty_population__latest_value"": 342994.0, ""census_acs_poverty_population__per_capita"": 0.224171, ""census_acs_poverty_population__zscore_national"": 1.65479, ""fema_nri_community_resilience__latest_value"": 37.87, ""fema_nri_community_resilience__rank_national"": 50.0, ""fema_nri_community_resilience__zscore_national"": -0.943869, ""fema_nri_eal_score__latest_value"": 66.68, ""fema_nri_eal_score__rank_national"": 6.0, ""fema_nri_eal_score__zscore_national"": 1.429824, ""fema_nri_risk_score__latest_value"": 79.32, ""fema_nri_risk_score__rank_national"": 4.0, ""fema_nri_risk_score__zscore_national"": 1.984264, ""fema_nri_social_vulnerability__latest_value"": 73.73, ""fema_nri_social_vulnerability__rank_national"": 3.0, ""fema_nri_social_vulnerability__zscore_national"": 1.842081}}"
39035,"Cuyahoga, OH",2025-12-01,0.997123,4,1,high,"[{""feature_id"": ""census_acs_poverty_population__per_capita"", ""contribution"": 1.2877, ""value"": 0.215892}, {""feature_id"": ""fema_nri_risk_score__latest_value"", ""contribution"": 0.7697, ""value"": 78.13}, {""feature_id"": ""fema_nri_risk_score__zscore_national"", ""contribution"": 0.7697, ""value"": 1.924163}]","[{""feature_id"": ""bls_laus_unemployment_rate__change_3m"", ""contribution"": -0.0972, ""value"": 0.7}, {""feature_id"": ""bls_laus_unemployment_rate__change_1m"", ""contribution"": -0.0424, ""value"": 0.4}, {""feature_id"": ""census_acs_median_gross_rent__rank_national"", ""contribution"": -0.0065, ""value"": 42.0}]","{""recipe_id"": ""labour_shock_monitor"", ""event_id"": ""unemployment_spike_2pp_12m"", ""model_version"": ""exp4-logistic_regression"", ""feature_null_share"": 0.0263, ""missing_model_features"": [], ""features_used"": {""bls_laus_labor_force__latest_value"": 598280.0, ""bls_laus_labor_force__pct_change_12m"": 0.0, ""bls_laus_labor_force__zscore_national"": 0.465866, ""bls_laus_unemployed__latest_value"": 51452.0, ""bls_laus_unemployed__pct_change_12m"": 56.365294, ""bls_laus_unemployed__zscore_national"": 1.856286, ""bls_laus_unemployment_rate__change_1m"": 0.4, ""bls_laus_unemployment_rate__change_3m"": 0.7, ""bls_laus_unemployment_rate__latest_value"": 8.6, ""bls_laus_unemployment_rate__missing_indicator"": 0.0, ""bls_laus_unemployment_rate__pct_change_12m"": 56.363636, ""bls_laus_unemployment_rate__rank_national"": 5.0, ""bls_laus_unemployment_rate__rank_state"": 1.0, ""bls_laus_unemployment_rate__rolling_avg_12m"": 7.225, ""bls_laus_unemployment_rate__rolling_avg_3m"": 8.366667, ""bls_laus_unemployment_rate__zscore_national"": 1.982214, ""bls_laus_unemployment_rate__zscore_state"": null, ""census_acs_median_gross_rent__latest_value"": 1236.0, ""census_acs_median_gross_rent__rank_national"": 42.0, ""census_acs_median_gross_rent__zscore_national"": -0.48291, ""census_acs_median_household_income__latest_value"": 52503.0, ""census_acs_median_household_income__rank_national"": 57.0, ""census_acs_median_household_income__zscore_national"": -1.162967, ""census_acs_poverty_population__latest_value"": 234779.0, ""census_acs_poverty_population__per_capita"": 0.215892, ""census_acs_poverty_population__zscore_national"": 0.687487, ""fema_nri_community_resilience__latest_value"": 49.1, ""fema_nri_community_resilience__rank_national"": 30.0, ""fema_nri_community_resilience__zscore_national"": -0.015881, ""fema_nri_eal_score__latest_value"": 76.49, ""fema_nri_eal_score__rank_national"": 4.0, ""fema_nri_eal_score__zscore_national"": 1.923441, ""fema_nri_risk_score__latest_value"": 78.13, ""fema_nri_risk_score__rank_national"": 5.0, ""fema_nri_risk_score__zscore_national"": 1.924163, ""fema_nri_social_vulnerability__latest_value"": 55.98, ""fema_nri_social_vulnerability__rank_national"": 12.0, ""fema_nri_social_vulnerability__zscore_national"": 0.842953}}"
28049,"Hinds, MS",2025-12-01,0.996864,5,1,high,"[{""feature_id"": ""census_acs_poverty_population__per_capita"", ""contribution"": 1.1394, ""value"": 0.205763}, {""feature_id"": ""fema_nri_social_vulnerability__latest_value"", ""contribution"": 0.9892, ""value"": 82.46}, {""feature_id"": ""fema_nri_social_vulnerability__zscore_national"", ""contribution"": 0.9892, ""value"": 2.333483}]","[{""feature_id"": ""bls_laus_unemployment_rate__change_3m"", ""contribution"": -0.0393, ""value"": 0.3}, {""feature_id"": ""fema_nri_community_resilience__latest_value"", ""contribution"": -0.026, ""value"": 39.85}, {""feature_id"": ""fema_nri_community_resilience__zscore_national"", ""contribution"": -0.026, ""value"": -0.780252}]","{""recipe_id"": ""labour_shock_monitor"", ""event_id"": ""unemployment_spike_2pp_12m"", ""model_version"": ""exp4-logistic_regression"", ""feature_null_share"": 0.0263, ""missing_model_features"": [], ""features_used"": {""bls_laus_labor_force__latest_value"": 723187.0, ""bls_laus_labor_force__pct_change_12m"": 0.0, ""bls_laus_labor_force__zscore_national"": 0.962369, ""bls_laus_unemployed__latest_value"": 70872.0, ""bls_laus_unemployed__pct_change_12m"": -1.009847, ""bls_laus_unemployed__zscore_national"": 3.166277, ""bls_laus_unemployment_rate__change_1m"": 0.1, ""bls_laus_unemployment_rate__change_3m"": 0.3, ""bls_laus_unemployment_rate__latest_value"": 9.8, ""bls_laus_unemployment_rate__missing_indicator"": 0.0, ""bls_laus_unemployment_rate__pct_change_12m"": -1.010101, ""bls_laus_unemployment_rate__rank_national"": 2.0, ""bls_laus_unemployment_rate__rank_state"": 1.0, ""bls_laus_unemployment_rate__rolling_avg_12m"": 9.758333, ""bls_laus_unemployment_rate__rolling_avg_3m"": 9.7, ""bls_laus_unemployment_rate__zscore_national"": 2.660619, ""bls_laus_unemployment_rate__zscore_state"": null, ""census_acs_median_gross_rent__latest_value"": 1540.0, ""census_acs_median_gross_rent__rank_national"": 22.0, ""census_acs_median_gross_rent__zscore_national"": 0.408165, ""census_acs_median_household_income__latest_value"": 52201.0, ""census_acs_median_household_income__rank_national"": 58.0, ""census_acs_median_household_income__zscore_national"": -1.183148, ""census_acs_poverty_population__latest_value"": 116881.0, ""census_acs_poverty_population__per_capita"": 0.205763, ""census_acs_poverty_population__zscore_national"": -0.366369, ""fema_nri_community_resilience__latest_value"": 39.85, ""fema_nri_community_resilience__rank_national"": 46.0, ""fema_nri_community_resilience__zscore_national"": -0.780252, ""fema_nri_eal_score__latest_value"": 56.97, ""fema_nri_eal_score__rank_national"": 9.0, ""fema_nri_eal_score__zscore_national"": 0.94124, ""fema_nri_risk_score__latest_value"": 57.14, ""fema_nri_risk_score__rank_national"": 9.0, ""fema_nri_risk_score__zscore_national"": 0.864071, ""fema_nri_social_vulnerability__latest_value"": 82.46, ""fema_nri_social_vulnerability__rank_national"": 2.0, ""fema_nri_social_vulnerability__zscore_national"": 2.333483}}"
22071,"Orleans, LA",2025-12-01,0.996778,6,2,high,"[{""feature_id"": ""fema_nri_risk_score__latest_value"", ""contribution"": 1.0159, ""value"": 90.65}, {""feature_id"": ""fema_nri_risk_score__zscore_national"", ""contribution"": 1.0159, ""value"": 2.556481}, {""feature_id"": ""fema_nri_eal_score__zscore_national"", ""contribution"": 1.0151, ""value"": 2.603736}]","[{""feature_id"": ""bls_laus_unemployed__latest_value"", ""contribution"": -0.0979, ""value"": 11858.0}, {""feature_id"": ""bls_laus_unemployed__zscore_national"", ""contribution"": -0.0964, ""value"": -0.814555}, {""feature_id"": ""bls_laus_unemployment_rate__change_1m"", ""contribution"": -0.0865, ""value"": 0.8}]","{""recipe_id"": ""labour_shock_monitor"", ""event_id"": ""unemployment_spike_2pp_12m"", ""model_version"": ""exp4-logistic_regression"", ""feature_null_share"": 0.0, ""missing_model_features"": [], ""features_used"": {""bls_laus_labor_force__latest_value"": 123524.0, ""bls_laus_labor_force__pct_change_12m"": 0.0, ""bls_laus_labor_force__zscore_national"": -1.421278, ""bls_laus_unemployed__latest_value"": 11858.0, ""bls_laus_unemployed__pct_change_12m"": 3.229738, ""bls_laus_unemployed__zscore_national"": -0.814555, ""bls_laus_unemployment_rate__change_1m"": 0.8, ""bls_laus_unemployment_rate__change_3m"": 0.3, ""bls_laus_unemployment_rate__latest_value"": 9.6, ""bls_laus_unemployment_rate__missing_indicator"": 0.0, ""bls_laus_unemployment_rate__pct_change_12m"": 3.225806, ""bls_laus_unemployment_rate__rank_national"": 3.0, ""bls_laus_unemployment_rate__rank_state"": 1.0, ""bls_laus_unemployment_rate__rolling_avg_12m"": 9.141667, ""bls_laus_unemployment_rate__rolling_avg_3m"": 9.133333, ""bls_laus_unemployment_rate__zscore_national"": 2.547551, ""bls_laus_unemployment_rate__zscore_state"": 1.079473, ""census_acs_median_gross_rent__latest_value"": 854.0, ""census_acs_median_gross_rent__rank_national"": 62.0, ""census_acs_median_gross_rent__zscore_national"": -1.602617, ""census_acs_median_household_income__latest_value"": 52722.0, ""census_acs_median_household_income__rank_national"": 56.0, ""census_acs_median_household_income__zscore_national"": -1.148332, ""census_acs_poverty_population__latest_value"": 399352.0, ""census_acs_poverty_population__per_capita"": 0.17538, ""census_acs_poverty_population__zscore_national"": 2.158557, ""fema_nri_community_resilience__latest_value"": 37.8, ""fema_nri_community_resilience__rank_national"": 51.0, ""fema_nri_community_resilience__zscore_national"": -0.949653, ""fema_nri_eal_score__latest_value"": 90.01, ""fema_nri_eal_score__rank_national"": 3.0, ""fema_nri_eal_score__zscore_national"": 2.603736, ""fema_nri_risk_score__latest_value"": 90.65, ""fema_nri_risk_score__rank_national"": 3.0, ""fema_nri_risk_score__zscore_national"": 2.556481, ""fema_nri_social_vulnerability__latest_value"": 56.97, ""fema_nri_social_vulnerability__rank_national"": 10.0, ""fema_nri_social_vulnerability__zscore_national"": 0.898679}}"
46102,"Oglala Lakota, SD",2025-12-01,0.996437,7,1,high,"[{""feature_id"": ""census_acs_poverty_population__per_capita"", ""contribution"": 1.239, ""value"": 0.212566}, {""feature_id"": ""fema_nri_eal_score__zscore_national"", ""contribution"": 0.7047, ""value"": 1.784564}, {""feature_id"": ""fema_nri_eal_score__latest_value"", ""contribution"": 0.7047, ""value"": 73.73}]","[{""feature_id"": ""bls_laus_unemployed__zscore_national"", ""contribution"": -0.0309, ""value"": -0.181348}, {""feature_id"": ""bls_laus_unemployment_rate__change_3m"", ""contribution"": -0.0248, ""value"": 0.2}, {""feature_id"": ""bls_laus_unemployed__latest_value"", ""contribution"": -0.019, ""value"": 21245.0}]","{""recipe_id"": ""labour_shock_monitor"", ""event_id"": ""unemployment_spike_2pp_12m"", ""model_version"": ""exp4-logistic_regression"", ""feature_null_share"": 0.0263, ""missing_model_features"": [], ""features_used"": {""bls_laus_labor_force__latest_value"": 265571.0, ""bls_laus_labor_force__pct_change_12m"": 0.0, ""bls_laus_labor_force__zscore_national"": -0.856644, ""bls_laus_unemployed__latest_value"": 21245.0, ""bls_laus_unemployed__pct_change_12m"": 45.453923, ""bls_laus_unemployed__zscore_national"": -0.181348, ""bls_laus_unemployment_rate__change_1m"": -0.5, ""bls_laus_unemployment_rate__change_3m"": 0.2, ""bls_laus_unemployment_rate__latest_value"": 8.0, ""bls_laus_unemployment_rate__missing_indicator"": 0.0, ""bls_laus_unemployment_rate__pct_change_12m"": 45.454545, ""bls_laus_unemployment_rate__rank_national"": 7.0, ""bls_laus_unemployment_rate__rank_state"": 1.0, ""bls_laus_unemployment_rate__rolling_avg_12m"": 6.741667, ""bls_laus_unemployment_rate__rolling_avg_3m"": 8.333333, ""bls_laus_unemployment_rate__zscore_national"": 1.643012, ""bls_laus_unemployment_rate__zscore_state"": null, ""census_acs_median_gross_rent__latest_value"": 970.0, ""census_acs_median_gross_rent__rank_national"": 57.0, ""census_acs_median_gross_rent__zscore_national"": -1.262601, ""census_acs_median_household_income__latest_value"": 53245.0, ""census_acs_median_household_income__rank_national"": 55.0, ""census_acs_median_household_income__zscore_national"": -1.113383, ""census_acs_poverty_population__latest_value"": 470675.0, ""census_acs_poverty_population__per_capita"": 0.212566, ""census_acs_poverty_population__zscore_national"": 2.796093, ""fema_nri_community_resilience__latest_value"": 68.18, ""fema_nri_community_resilience__rank_national"": 5.0, ""fema_nri_community_resilience__zscore_national"": 1.560789, ""fema_nri_eal_score__latest_value"": 73.73, ""fema_nri_eal_score__rank_national"": 5.0, ""fema_nri_eal_score__zscore_national"": 1.784564, ""fema_nri_risk_score__latest_value"": 72.28, ""fema_nri_risk_score__rank_national"": 6.0, ""fema_nri_risk_score__zscore_national"": 1.628711, ""fema_nri_social_vulnerability__latest_value"": 68.94, ""fema_nri_social_vulnerability__rank_national"": 4.0, ""fema_nri_social_vulnerability__zscore_national"": 1.572457}}"
22103,"St. Tammany, LA",2025-12-01,0.995921,8,3,high,"[{""feature_id"": ""census_acs_poverty_population__per_capita"", ""contribution"": 1.6935, ""value"": 0.243613}, {""feature_id"": ""bls_laus_unemployment_rate__latest_value"", ""contribution"": 0.6832, ""value"": 8.7}, {""feature_id"": ""bls_laus_unemployment_rate__rolling_avg_3m"", ""contribution"": 0.6526, ""value"": 8.5}]","[{""feature_id"": ""bls_laus_unemployment_rate__change_3m"", ""contribution"": -0.0538, ""value"": 0.4}, {""feature_id"": ""bls_laus_unemployment_rate__rank_state"", ""contribution"": -0.0482, ""value"": 2.0}, {""feature_id"": ""bls_laus_unemployment_rate__change_1m"", ""contribution"": -0.0094, ""value"": 0.1}]","{""recipe_id"": ""labour_shock_monitor"", ""event_id"": ""unemployment_spike_2pp_12m"", ""model_version"": ""exp4-logistic_regression"", ""feature_null_share"": 0.0, ""missing_model_features"": [], ""features_used"": {""bls_laus_labor_force__latest_value"": 459587.0, ""bls_laus_labor_force__pct_change_12m"": 0.0, ""bls_laus_labor_force__zscore_national"": -0.085435, ""bls_laus_unemployed__latest_value"": 39984.0, ""bls_laus_unemployed__pct_change_12m"": 55.362139, ""bls_laus_unemployed__zscore_national"": 1.082704, ""bls_laus_unemployment_rate__change_1m"": 0.1, ""bls_laus_unemployment_rate__change_3m"": 0.4, ""bls_laus_unemployment_rate__latest_value"": 8.7, ""bls_laus_unemployment_rate__missing_indicator"": 0.0, ""bls_laus_unemployment_rate__pct_change_12m"": 55.357143, ""bls_laus_unemployment_rate__rank_national"": 4.0, ""bls_laus_unemployment_rate__rank_state"": 2.0, ""bls_laus_unemployment_rate__rolling_avg_12m"": 6.941667, ""bls_laus_unemployment_rate__rolling_avg_3m"": 8.5, ""bls_laus_unemployment_rate__zscore_national"": 2.038748, ""bls_laus_unemployment_rate__zscore_state"": 0.762671, ""census_acs_median_gross_rent__latest_value"": 1378.0, ""census_acs_median_gross_rent__rank_national"": 36.0, ""census_acs_median_gross_rent__zscore_national"": -0.066684, ""census_acs_median_household_income__latest_value"": 44700.0, ""census_acs_median_household_income__rank_national"": 61.0, ""census_acs_median_household_income__zscore_national"": -1.6844, ""census_acs_poverty_population__latest_value"": 275010.0, ""census_acs_poverty_population__per_capita"": 0.243613, ""census_acs_poverty_population__zscore_national"": 1.0471, ""fema_nri_community_resilience__latest_value"": 61.62, ""fema_nri_community_resilience__rank_national"": 15.0, ""fema_nri_community_resilience__zscore_national"": 1.018705, ""fema_nri_eal_score__latest_value"": 62.74, ""fema_nri_eal_score__rank_national"": 7.0, ""fema_nri_eal_score__zscore_national"": 1.231573, ""fema_nri_risk_score__latest_value"": 57.99, ""fema_nri_risk_score__rank_national"": 8.0, ""fema_nri_risk_score__zscore_national"": 0.907, ""fema_nri_social_vulnerability__latest_value"": 61.08, ""fema_nri_social_vulnerability__rank_national"": 8.0, ""fema_nri_social_vulnerability__zscore_national"": 1.130026}}"
26163,"Wayne, MI",2025-12-01,0.993754,9,1,high,"[{""feature_id"": ""fema_nri_social_vulnerability__latest_value"", ""contribution"": 1.0761, ""value"": 86.44}, {""feature_id"": ""fema_nri_social_vulnerability__zscore_national"", ""contribution"": 1.0761, ""value"": 2.557513}, {""feature_id"": ""census_acs_poverty_population__per_capita"", ""contribution"": 0.8346, ""value"": 0.184942}]","[{""feature_id"": ""fema_nri_community_resilience__rank_national"", ""contribution"": -0.031, ""value"": 49.0}, {""feature_id"": ""fema_nri_community_resilience__latest_value"", ""contribution"": -0.0303, ""value"": 38.33}, {""feature_id"": ""fema_nri_community_resilience__zscore_national"", ""contribution"": -0.0303, ""value"": -0.905857}]","{""recipe_id"": ""labour_shock_monitor"", ""event_id"": ""unemployment_spike_2pp_12m"", ""model_version"": ""exp4-logistic_regression"", ""feature_null_share"": 0.0263, ""missing_model_features"": [], ""features_used"": {""bls_laus_labor_force__latest_value"": 807671.0, ""bls_laus_labor_force__pct_change_12m"": 0.0, ""bls_laus_labor_force__zscore_national"": 1.298191, ""bls_laus_unemployed__latest_value"": 63806.0, ""bls_laus_unemployed__pct_change_12m"": 2.598489, ""bls_laus_unemployed__zscore_national"": 2.689634, ""bls_laus_unemployment_rate__change_1m"": -0.1, ""bls_laus_unemployment_rate__change_3m"": 0.0, ""bls_laus_unemployment_rate__latest_value"": 7.9, ""bls_laus_unemployment_rate__missing_indicator"": 0.0, ""bls_laus_unemployment_rate__pct_change_12m"": 2.597403, ""bls_laus_unemployment_rate__rank_national"": 8.0, ""bls_laus_unemployment_rate__rank_state"": 1.0, ""bls_laus_unemployment_rate__rolling_avg_12m"": 7.658333, ""bls_laus_unemployment_rate__rolling_avg_3m"": 7.9, ""bls_laus_unemployment_rate__zscore_national"": 1.586478, ""bls_laus_unemployment_rate__zscore_state"": null, ""census_acs_median_gross_rent__latest_value"": 1321.0, ""census_acs_median_gross_rent__rank_national"": 38.0, ""census_acs_median_gross_rent__zscore_national"": -0.233761, ""census_acs_median_household_income__latest_value"": 42445.0, ""census_acs_median_household_income__rank_national"": 64.0, ""census_acs_median_household_income__zscore_national"": -1.83509, ""census_acs_poverty_population__latest_value"": 72558.0, ""census_acs_poverty_population__per_capita"": 0.184942, ""census_acs_poverty_population__zscore_national"": -0.762559, ""fema_nri_community_resilience__latest_value"": 38.33, ""fema_nri_community_resilience__rank_national"": 49.0, ""fema_nri_community_resilience__zscore_national"": -0.905857, ""fema_nri_eal_score__latest_value"": 58.13, ""fema_nri_eal_score__rank_national"": 8.0, ""fema_nri_eal_score__zscore_national"": 0.999608, ""fema_nri_risk_score__latest_value"": 58.94, ""fema_nri_risk_score__rank_national"": 7.0, ""fema_nri_risk_score__zscore_national"": 0.954979, ""fema_nri_social_vulnerability__latest_value"": 86.44, ""fema_nri_social_vulnerability__rank_national"": 1.0, ""fema_nri_social_vulnerability__zscore_national"": 2.557513}}"
54039,"Kanawha, WV",2025-12-01,0.990027,10,1,high,"[{""feature_id"": ""census_acs_poverty_population__per_capita"", ""contribution"": 1.2527, ""value"": 0.213504}, {""feature_id"": ""bls_laus_unemployment_rate__latest_value"", ""contribution"": 0.8836, ""value"": 9.9}, {""feature_id"": ""bls_laus_unemployment_rate__rolling_avg_12m"", ""contribution"": 0.8701, ""value"": 9.675}]","[{""feature_id"": ""bls_laus_unemployment_rate__change_1m"", ""contribution"": -0.0645, ""value"": 0.6}, {""feature_id"": ""bls_laus_unemployment_rate__change_3m"", ""contribution"": -0.0393, ""value"": 0.3}, {""feature_id"": ""census_acs_poverty_population__zscore_national"", ""contribution"": -0.0267, ""value"": -0.697861}]","{""recipe_id"": ""labour_shock_monitor"", ""event_id"": ""unemployment_spike_2pp_12m"", ""model_version"": ""exp4-logistic_regression"", ""feature_null_share"": 0.0263, ""missing_model_features"": [], ""features_used"": {""bls_laus_labor_force__latest_value"": 391892.0, ""bls_laus_labor_force__pct_change_12m"": 0.0, ""bls_laus_labor_force__zscore_national"": -0.354521, ""bls_laus_unemployed__latest_value"": 38797.0, ""bls_laus_unemployed__pct_change_12m"": 1.0207, ""bls_laus_unemployed__zscore_national"": 1.002634, ""bls_laus_unemployment_rate__change_1m"": 0.6, ""bls_laus_unemployment_rate__change_3m"": 0.3, ""bls_laus_unemployment_rate__latest_value"": 9.9, ""bls_laus_unemployment_rate__missing_indicator"": 0.0, ""bls_laus_unemployment_rate__pct_change_12m"": 1.020408, ""bls_laus_unemployment_rate__rank_national"": 1.0, ""bls_laus_unemployment_rate__rank_state"": 1.0, ""bls_laus_unemployment_rate__rolling_avg_12m"": 9.675, ""bls_laus_unemployment_rate__rolling_avg_3m"": 9.7, ""bls_laus_unemployment_rate__zscore_national"": 2.717153, ""bls_laus_unemployment_rate__zscore_state"": null, ""census_acs_median_gross_rent__latest_value"": 1694.0, ""census_acs_median_gross_rent__rank_national"": 12.0, ""census_acs_median_gross_rent__zscore_national"": 0.859566, ""census_acs_median_household_income__latest_value"": 43824.0, ""census_acs_median_household_income__rank_national"": 62.0, ""census_acs_median_household_income__zscore_national"": -1.742939, ""census_acs_poverty_population__latest_value"": 79796.0, ""census_acs_poverty_population__per_capita"": 0.213504, ""census_acs_poverty_population__zscore_national"": -0.697861, ""fema_nri_community_resilience__latest_value"": 63.79, ""fema_nri_community_resilience__rank_national"": 12.0, ""fema_nri_community_resilience__zscore_national"": 1.198022, ""fema_nri_eal_score__latest_value"": 49.54, ""fema_nri_eal_score__rank_national"": 15.0, ""fema_nri_eal_score__zscore_national"": 0.567379, ""fema_nri_risk_score__latest_value"": 56.94, ""fema_nri_risk_score__rank_national"": 10.0, ""fema_nri_risk_score__zscore_national"": 0.85397, ""fema_nri_social_vulnerability__latest_value"": 62.51, ""fema_nri_social_vulnerability__rank_national"": 6.0, ""fema_nri_social_vulnerability__zscore_national"": 1.210519}}"
12095,"Orange, FL",2025-12-01,0.043366,11,1,high,"[{""feature_id"": ""census_acs_median_household_income__rank_national"", ""contribution"": 0.402, ""value"": 52.0}, {""feature_id"": ""census_acs_median_household_income__zscore_national"", ""contribution"": 0.3983, ""value"": -0.935095}, {""feature_id"": ""census_acs_median_household_income__latest_value"", ""contribution"": 0.3983, ""value"": 55913.0}]","[{""feature_id"": ""bls_laus_unemployment_rate__rolling_avg_12m"", ""contribution"": -0.246, ""value"": 3.15}, {""feature_id"": ""bls_laus_unemployment_rate__latest_value"", ""contribution"": -0.2352, ""value"": 3.2}, {""feature_id"": ""bls_laus_unemployment_rate__rolling_avg_3m"", ""contribution"": -0.2107, ""value"": 3.333333}]","{""recipe_id"": ""labour_shock_monitor"", ""event_id"": ""unemployment_spike_2pp_12m"", ""model_version"": ""exp4-logistic_regression"", ""feature_null_share"": 0.0, ""missing_model_features"": [], ""features_used"": {""bls_laus_labor_force__latest_value"": 658556.0, ""bls_laus_labor_force__pct_change_12m"": 0.0, ""bls_laus_labor_force__zscore_national"": 0.705462, ""bls_laus_unemployed__latest_value"": 21073.0, ""bls_laus_unemployed__pct_change_12m"": 3.22312, ""bls_laus_unemployed__zscore_national"": -0.192951, ""bls_laus_unemployment_rate__change_1m"": -0.3, ""bls_laus_unemployment_rate__change_3m"": 0.5, ""bls_laus_unemployment_rate__latest_value"": 3.2, ""bls_laus_unemployment_rate__missing_indicator"": 0.0, ""bls_laus_unemployment_rate__pct_change_12m"": 3.225806, ""bls_laus_unemployment_rate__rank_national"": 59.0, ""bls_laus_unemployment_rate__rank_state"": 1.0, ""bls_laus_unemployment_rate__rolling_avg_12m"": 3.15, ""bls_laus_unemployment_rate__rolling_avg_3m"": 3.333333, ""bls_laus_unemployment_rate__zscore_national"": -1.070608, ""bls_laus_unemployment_rate__zscore_state"": -0.707107, ""census_acs_median_gross_rent__latest_value"": 1661.0, ""census_acs_median_gross_rent__rank_national"": 15.0, ""census_acs_median_gross_rent__zscore_national"": 0.762837, ""census_acs_median_household_income__latest_value"": 55913.0, ""census_acs_median_household_income__rank_national"": 52.0, ""census_acs_median_household_income__zscore_national"": -0.935095, ""census_acs_poverty_population__latest_value"": 24310.0, ""census_acs_poverty_population__per_capita"": 0.149379, ""census_acs_poverty_population__zscore_national"": -1.193834, ""fema_nri_community_resilience__latest_value"": 58.06, ""fema_nri_community_resilience__rank_national"": 20.0, ""fema_nri_community_resilience__zscore_national"": 0.724525, ""fema_nri_eal_score__latest_value"": 54.05, ""fema_nri_eal_score__rank_national"": 11.0, ""fema_nri_eal_score__zscore_national"": 0.794312, ""fema_nri_risk_score__latest_value"": 51.14, ""fema_nri_risk_score__rank_national"": 15.0, ""fema_nri_risk_score__zscore_national"": 0.561043, ""fema_nri_social_vulnerability__latest_value"": 42.88, ""fema_nri_social_vulnerability__rank_national"": 33.0, ""fema_nri_social_vulnerability__zscore_national"": 0.105568}}"
16001,"Ada, ID",2025-12-01,0.022879,12,1,high,"[{""feature_id"": ""fema_nri_social_vulnerability__latest_value"", ""contribution"": 0.3796, ""value"": 54.52}, {""feature_id"": ""fema_nri_social_vulnerability__zscore_national"", ""contribution"": 0.3796, ""value"": 0.760771}, {""feature_id"": ""fema_nri_social_vulnerability__rank_national"", ""contribution"": 0.3589, ""value"": 15.0}]","[{""feature_id"": ""census_acs_poverty_population__per_capita"", ""contribution"": -0.351, ""value"": 0.103956}, {""feature_id"": ""fema_nri_risk_score__zscore_national"", ""contribution"": -0.1153, ""value"": -0.349555}, {""feature_id"": ""fema_nri_risk_score__latest_value"", ""contribution"": -0.1153, ""value"": 33.11}]","{""recipe_id"": ""labour_shock_monitor"", ""event_id"": ""unemployment_spike_2pp_12m"", ""model_version"": ""exp4-logistic_regression"", ""feature_null_share"": 0.0263, ""missing_model_features"": [], ""features_used"": {""bls_laus_labor_force__latest_value"": 813838.0, ""bls_laus_labor_force__pct_change_12m"": 0.0, ""bls_laus_labor_force__zscore_national"": 1.322704, ""bls_laus_unemployed__latest_value"": 48016.0, ""bls_laus_unemployed__pct_change_12m"": 5.358318, ""bls_laus_unemployed__zscore_national"": 1.624509, ""bls_laus_unemployment_rate__change_1m"": 0.3, ""bls_laus_unemployment_rate__change_3m"": 0.6, ""bls_laus_unemployment_rate__latest_value"": 5.9, ""bls_laus_unemployment_rate__missing_indicator"": 0.0, ""bls_laus_unemployment_rate__pct_change_12m"": 5.357143, ""bls_laus_unemployment_rate__rank_national"": 12.0, ""bls_laus_unemployment_rate__rank_state"": 1.0, ""bls_laus_unemployment_rate__rolling_avg_12m"": 5.65, ""bls_laus_unemployment_rate__rolling_avg_3m"": 5.766667, ""bls_laus_unemployment_rate__zscore_national"": 0.455803, ""bls_laus_unemployment_rate__zscore_state"": null, ""census_acs_median_gross_rent__latest_value"": 1124.0, ""census_acs_median_gross_rent__rank_national"": 47.0, ""census_acs_median_gross_rent__zscore_national"": -0.811201, ""census_acs_median_household_income__latest_value"": 64653.0, ""census_acs_median_household_income__rank_national"": 37.0, ""census_acs_median_household_income__zscore_national"": -0.351047, ""census_acs_poverty_population__latest_value"": 181348.0, ""census_acs_poverty_population__per_capita"": 0.103956, ""census_acs_poverty_population__zscore_national"": 0.209883, ""fema_nri_community_resilience__latest_value"": 32.16, ""fema_nri_community_resilience__rank_national"": 60.0, ""fema_nri_community_resilience__zscore_national"": -1.415713, ""fema_nri_eal_score__latest_value"": 32.65, ""fema_nri_eal_score__rank_national"": 37.0, ""fema_nri_eal_score__zscore_national"": -0.282487, ""fema_nri_risk_score__latest_value"": 33.11, ""fema_nri_risk_score__rank_national"": 38.0, ""fema_nri_risk_score__zscore_national"": -0.349555, ""fema_nri_social_vulnerability__latest_value"": 54.52, ""fema_nri_social_vulnerability__rank_national"": 15.0, ""fema_nri_social_vulnerability__zscore_national"": 0.760771}}"
48113,"Dallas, TX",2025-12-01,0.021455,13,1,high,"[{""feature_id"": ""census_acs_median_household_income__rank_national"", ""contribution"": 0.4182, ""value"": 53.0}, {""feature_id"": ""census_acs_median_household_income__zscore_national"", ""contribution"": 0.4111, ""value"": -0.974388}, {""feature_id"": ""census_acs_median_household_income__latest_value"", ""contribution"": 0.4111, ""value"": 55325.0}]","[{""feature_id"": ""bls_laus_unemployment_rate__rolling_avg_3m"", ""contribution"": -0.1884, ""value"": 3.466667}, {""feature_id"": ""bls_laus_unemployment_rate__rolling_avg_12m"", ""contribution"": -0.1861, ""value"": 3.5}, {""feature_id"": ""census_acs_poverty_population__per_capita"", ""contribution"": -0.18, ""value"": 0.115637}]","{""recipe_id"": ""labour_shock_monitor"", ""event_id"": ""unemployment_spike_2pp_12m"", ""model_version"": ""exp4-logistic_regression"", ""feature_null_share"": 0.0, ""missing_model_features"": [], ""features_used"": {""bls_laus_labor_force__latest_value"": 163073.0, ""bls_laus_labor_force__pct_change_12m"": 0.0, ""bls_laus_labor_force__zscore_national"": -1.264072, ""bls_laus_unemployed__latest_value"": 5870.0, ""bls_laus_unemployed__pct_change_12m"": 0.0, ""bls_laus_unemployed__zscore_national"": -1.21848, ""bls_laus_unemployment_rate__change_1m"": 0.1, ""bls_laus_unemployment_rate__change_3m"": -0.1, ""bls_laus_unemployment_rate__latest_value"": 3.6, ""bls_laus_unemployment_rate__missing_indicator"": 0.0, ""bls_laus_unemployment_rate__pct_change_12m"": 0.0, ""bls_laus_unemployment_rate__rank_national"": 51.0, ""bls_laus_unemployment_rate__rank_state"": 3.0, ""bls_laus_unemployment_rate__rolling_avg_12m"": 3.5, ""bls_laus_unemployment_rate__rolling_avg_3m"": 3.466667, ""bls_laus_unemployment_rate__zscore_national"": -0.844473, ""bls_laus_unemployment_rate__zscore_state"": -0.582076, ""census_acs_median_gross_rent__latest_value"": 1249.0, ""census_acs_median_gross_rent__rank_national"": 41.0, ""census_acs_median_gross_rent__zscore_national"": -0.444805, ""census_acs_median_household_income__latest_value"": 55325.0, ""census_acs_median_household_income__rank_national"": 53.0, ""census_acs_median_household_income__zscore_national"": -0.974388, ""census_acs_poverty_population__latest_value"": 102631.0, ""census_acs_poverty_population__per_capita"": 0.115637, ""census_acs_poverty_population__zscore_national"": -0.493746, ""fema_nri_community_resilience__latest_value"": 48.08, ""fema_nri_community_resilience__rank_national"": 33.0, ""fema_nri_community_resilience__zscore_national"": -0.100169, ""fema_nri_eal_score__latest_value"": 54.18, ""fema_nri_eal_score__rank_national"": 10.0, ""fema_nri_eal_score__zscore_national"": 0.800853, ""fema_nri_risk_score__latest_value"": 50.68, ""fema_nri_risk_score__rank_national"": 17.0, ""fema_nri_risk_score__zscore_national"": 0.537811, ""fema_nri_social_vulnerability__latest_value"": 43.03, ""fema_nri_social_vulnerability__rank_national"": 32.0, ""fema_nri_social_vulnerability__zscore_national"": 0.114011}}"
06073,"San Diego, CA",2025-12-01,0.018712,14,1,high,"[{""feature_id"": ""fema_nri_social_vulnerability__latest_value"", ""contribution"": 0.409, ""value"": 55.87}, {""feature_id"": ""fema_nri_social_vulnerability__zscore_national"", ""contribution"": 0.409, ""value"": 0.836761}, {""feature_id"": ""fema_nri_social_vulnerability__rank_national"", ""contribution"": 0.3925, ""value"": 13.0}]","[{""feature_id"": ""census_acs_poverty_population__per_capita"", ""contribution"": -0.2829, ""value"": 0.10861}, {""feature_id"": ""bls_laus_unemployed__latest_value"", ""contribution"": -0.14, ""value"": 6856.0}, {""feature_id"": ""bls_laus_unemployed__zscore_national"", ""contribution"": -0.1312, ""value"": -1.151969}]","{""recipe_id"": ""labour_shock_monitor"", ""event_id"": ""unemployment_spike_2pp_12m"", ""model_version"": ""exp4-logistic_regression"", ""feature_null_share"": 0.0, ""missing_model_features"": [], ""features_used"": {""bls_laus_labor_force__latest_value"": 122439.0, ""bls_laus_labor_force__pct_change_12m"": 0.0, ""bls_laus_labor_force__zscore_national"": -1.425591, ""bls_laus_unemployed__latest_value"": 6856.0, ""bls_laus_unemployed__pct_change_12m"": 1.811702, ""bls_laus_unemployed__zscore_national"": -1.151969, ""bls_laus_unemployment_rate__change_1m"": -0.4, ""bls_laus_unemployment_rate__change_3m"": -0.2, ""bls_laus_unemployment_rate__latest_value"": 5.6, ""bls_laus_unemployment_rate__missing_indicator"": 0.0, ""bls_laus_unemployment_rate__pct_change_12m"": 1.818182, ""bls_laus_unemployment_rate__rank_national"": 16.0, ""bls_laus_unemployment_rate__rank_state"": 1.0, ""bls_laus_unemployment_rate__rolling_avg_12m"": 5.908333, ""bls_laus_unemployment_rate__rolling_avg_3m"": 5.766667, ""bls_laus_unemployment_rate__zscore_national"": 0.286202, ""bls_laus_unemployment_rate__zscore_state"": 0.709139, ""census_acs_median_gross_rent__latest_value"": 1429.0, ""census_acs_median_gross_rent__rank_national"": 33.0, ""census_acs_median_gross_rent__zscore_national"": 0.082806, ""census_acs_median_household_income__latest_value"": 72720.0, ""census_acs_median_household_income__rank_national"": 32.0, ""census_acs_median_household_income__zscore_national"": 0.188028, ""census_acs_poverty_population__latest_value"": 47144.0, ""census_acs_poverty_population__per_capita"": 0.10861, ""census_acs_poverty_population__zscore_national"": -0.989728, ""fema_nri_community_resilience__latest_value"": 68.28, ""fema_nri_community_resilience__rank_national"": 4.0, ""fema_nri_community_resilience__zscore_national"": 1.569052, ""fema_nri_eal_score__latest_value"": 32.97, ""fema_nri_eal_score__rank_national"": 36.0, ""fema_nri_eal_score__zscore_national"": -0.266385, ""fema_nri_risk_score__latest_value"": 40.06, ""fema_nri_risk_score__rank_national"": 29.0, ""fema_nri_risk_score__zscore_national"": 0.001452, ""fema_nri_social_vulnerability__latest_value"": 55.87, ""fema_nri_social_vulnerability__rank_national"": 13.0, ""fema_nri_social_vulnerability__zscore_national"": 0.836761}}"
23005,"Cumberland, ME",2025-12-01,0.010977,15,1,high,"[{""feature_id"": ""fema_nri_social_vulnerability__rank_national"", ""contribution"": 0.426, ""value"": 11.0}, {""feature_id"": ""fema_nri_social_vulnerability__latest_value"", ""contribution"": 0.414, ""value"": 56.1}, {""feature_id"": ""fema_nri_social_vulnerability__zscore_national"", ""contribution"": 0.414, ""value"": 0.849707}]","[{""feature_id"": ""fema_nri_risk_score__rank_national"", ""contribution"": -0.2827, ""value"": 49.0}, {""feature_id"": ""fema_nri_risk_score__zscore_national"", ""contribution"": -0.2665, ""value"": -0.737936}, {""feature_id"": ""fema_nri_risk_score__latest_value"", ""contribution"": -0.2665, ""value"": 25.42}]","{""recipe_id"": ""labour_shock_monitor"", ""event_id"": ""unemployment_spike_2pp_12m"", ""model_version"": ""exp4-logistic_regression"", ""feature_null_share"": 0.0263, ""missing_model_features"": [], ""features_used"": {""bls_laus_labor_force__latest_value"": 222520.0, ""bls_laus_labor_force__pct_change_12m"": 0.0, ""bls_laus_labor_force__zscore_national"": -1.027771, ""bls_laus_unemployed__latest_value"": 12016.0, ""bls_laus_unemployed__pct_change_12m"": -3.571142, ""bls_laus_unemployed__zscore_national"": -0.803897, ""bls_laus_unemployment_rate__change_1m"": 0.3, ""bls_laus_unemployment_rate__change_3m"": 0.3, ""bls_laus_unemployment_rate__latest_value"": 5.4, ""bls_laus_unemployment_rate__missing_indicator"": 0.0, ""bls_laus_unemployment_rate__pct_change_12m"": -3.571429, ""bls_laus_unemployment_rate__rank_national"": 21.0, ""bls_laus_unemployment_rate__rank_state"": 1.0, ""bls_laus_unemployment_rate__rolling_avg_12m"": 5.416667, ""bls_laus_unemployment_rate__rolling_avg_3m"": 5.333333, ""bls_laus_unemployment_rate__zscore_national"": 0.173135, ""bls_laus_unemployment_rate__zscore_state"": null, ""census_acs_median_gross_rent__latest_value"": 1109.0, ""census_acs_median_gross_rent__rank_national"": 49.0, ""census_acs_median_gross_rent__zscore_national"": -0.855169, ""census_acs_median_household_income__latest_value"": 57604.0, ""census_acs_median_household_income__rank_national"": 49.0, ""census_acs_median_household_income__zscore_national"": -0.822094, ""census_acs_poverty_population__latest_value"": 77148.0, ""census_acs_poverty_population__per_capita"": 0.147804, ""census_acs_poverty_population__zscore_national"": -0.721531, ""fema_nri_community_resilience__latest_value"": 46.28, ""fema_nri_community_resilience__rank_national"": 36.0, ""fema_nri_community_resilience__zscore_national"": -0.248911, ""fema_nri_eal_score__latest_value"": 23.84, ""fema_nri_eal_score__rank_national"": 49.0, ""fema_nri_eal_score__zscore_national"": -0.725785, ""fema_nri_risk_score__latest_value"": 25.42, ""fema_nri_risk_score__rank_national"": 49.0, ""fema_nri_risk_score__zscore_national"": -0.737936, ""fema_nri_social_vulnerability__latest_value"": 56.1, ""fema_nri_social_vulnerability__rank_national"": 11.0, ""fema_nri_social_vulnerability__zscore_national"": 0.849707}}"
53033,"King, WA",2025-12-01,0.010675,16,1,high,"[{""feature_id"": ""fema_nri_risk_score__rank_national"", ""contribution"": 0.278, ""value"": 18.0}, {""feature_id"": ""fema_nri_eal_score__rank_national"", ""contribution"": 0.2699, ""value"": 17.0}, {""feature_id"": ""census_acs_poverty_population__per_capita"", ""contribution"": 0.2411, ""value"": 0.144402}]","[{""feature_id"": ""fema_nri_social_vulnerability__zscore_national"", ""contribution"": -0.3338, ""value"": -1.079313}, {""feature_id"": ""fema_nri_social_vulnerability__latest_value"", ""contribution"": -0.3338, ""value"": 21.83}, {""feature_id"": ""fema_nri_social_vulnerability__rank_national"", ""contribution"": -0.2617, ""value"": 52.0}]","{""recipe_id"": ""labour_shock_monitor"", ""event_id"": ""unemployment_spike_2pp_12m"", ""model_version"": ""exp4-logistic_regression"", ""feature_null_share"": 0.0263, ""missing_model_features"": [], ""features_used"": {""bls_laus_labor_force__latest_value"": 485773.0, ""bls_laus_labor_force__pct_change_12m"": 0.0, ""bls_laus_labor_force__zscore_national"": 0.018653, ""bls_laus_unemployed__latest_value"": 23802.0, ""bls_laus_unemployed__pct_change_12m"": 8.888787, ""bls_laus_unemployed__zscore_national"": -0.008864, ""bls_laus_unemployment_rate__change_1m"": 0.9, ""bls_laus_unemployment_rate__change_3m"": 0.5, ""bls_laus_unemployment_rate__latest_value"": 4.9, ""bls_laus_unemployment_rate__missing_indicator"": 0.0, ""bls_laus_unemployment_rate__pct_change_12m"": 8.888889, ""bls_laus_unemployment_rate__rank_national"": 32.0, ""bls_laus_unemployment_rate__rank_state"": 1.0, ""bls_laus_unemployment_rate__rolling_avg_12m"": 4.358333, ""bls_laus_unemployment_rate__rolling_avg_3m"": 4.433333, ""bls_laus_unemployment_rate__zscore_national"": -0.109534, ""bls_laus_unemployment_rate__zscore_state"": null, ""census_acs_median_gross_rent__latest_value"": 1191.0, ""census_acs_median_gross_rent__rank_national"": 44.0, ""census_acs_median_gross_rent__zscore_national"": -0.614813, ""census_acs_median_household_income__latest_value"": 69012.0, ""census_acs_median_household_income__rank_national"": 34.0, ""census_acs_median_household_income__zscore_national"": -0.059758, ""census_acs_poverty_population__latest_value"": 237248.0, ""census_acs_poverty_population__per_capita"": 0.144402, ""census_acs_poverty_population__zscore_national"": 0.709557, ""fema_nri_community_resilience__latest_value"": 52.15, ""fema_nri_community_resilience__rank_national"": 26.0, ""fema_nri_community_resilience__zscore_national"": 0.236154, ""fema_nri_eal_score__latest_value"": 48.18, ""fema_nri_eal_score__rank_national"": 17.0, ""fema_nri_eal_score__zscore_national"": 0.498947, ""fema_nri_risk_score__latest_value"": 50.57, ""fema_nri_risk_score__rank_national"": 18.0, ""fema_nri_risk_score__zscore_national"": 0.532256, ""fema_nri_social_vulnerability__latest_value"": 21.83, ""fema_nri_social_vulnerability__rank_national"": 52.0, ""fema_nri_social_vulnerability__zscore_national"": -1.079313}}"
24031,"Montgomery, MD",2025-12-01,0.009918,17,1,high,"[{""feature_id"": ""fema_nri_social_vulnerability__latest_value"", ""contribution"": 0.2096, ""value"": 46.73}, {""feature_id"": ""fema_nri_social_vulnerability__zscore_national"", ""contribution"": 0.2096, ""value"": 0.32228}, {""feature_id"": ""fema_nri_risk_score__rank_national"", ""contribution"": 0.2057, ""value"": 22.0}]","[{""feature_id"": ""bls_laus_unemployment_rate__rolling_avg_12m"", ""contribution"": -0.1419, ""value"": 3.758333}, {""feature_id"": ""bls_laus_unemployment_rate__rolling_avg_3m"", ""contribution"": -0.1216, ""value"": 3.866667}, {""feature_id"": ""bls_laus_unemployment_rate__latest_value"", ""contribution"": -0.1183, ""value"": 3.9}]","{""recipe_id"": ""labour_shock_monitor"", ""event_id"": ""unemployment_spike_2pp_12m"", ""model_version"": ""exp4-logistic_regression"", ""feature_null_share"": 0.0263, ""missing_model_features"": [], ""features_used"": {""bls_laus_labor_force__latest_value"": 869718.0, ""bls_laus_labor_force__pct_change_12m"": 0.0, ""bls_laus_labor_force__zscore_national"": 1.544826, ""bls_laus_unemployed__latest_value"": 33919.0, ""bls_laus_unemployed__pct_change_12m"": 11.429041, ""bls_laus_unemployed__zscore_national"": 0.673585, ""bls_laus_unemployment_rate__change_1m"": 0.1, ""bls_laus_unemployment_rate__change_3m"": 0.6, ""bls_laus_unemployment_rate__latest_value"": 3.9, ""bls_laus_unemployment_rate__missing_indicator"": 0.0, ""bls_laus_unemployment_rate__pct_change_12m"": 11.428571, ""bls_laus_unemployment_rate__rank_national"": 47.0, ""bls_laus_unemployment_rate__rank_state"": 1.0, ""bls_laus_unemployment_rate__rolling_avg_12m"": 3.758333, ""bls_laus_unemployment_rate__rolling_avg_3m"": 3.866667, ""bls_laus_unemployment_rate__zscore_national"": -0.674871, ""bls_laus_unemployment_rate__zscore_state"": null, ""census_acs_median_gross_rent__latest_value"": 1547.0, ""census_acs_median_gross_rent__rank_national"": 21.0, ""census_acs_median_gross_rent__zscore_national"": 0.428684, ""census_acs_median_household_income__latest_value"": 76699.0, ""census_acs_median_household_income__rank_national"": 27.0, ""census_acs_median_household_income__zscore_national"": 0.453924, ""census_acs_poverty_population__latest_value"": 11165.0, ""census_acs_poverty_population__per_capita"": 0.141051, ""census_acs_poverty_population__zscore_national"": -1.311334, ""fema_nri_community_resilience__latest_value"": 35.29, ""fema_nri_community_resilience__rank_national"": 55.0, ""fema_nri_community_resilience__zscore_national"": -1.157066, ""fema_nri_eal_score__latest_value"": 42.75, ""fema_nri_eal_score__rank_national"": 22.0, ""fema_nri_eal_score__zscore_national"": 0.225722, ""fema_nri_risk_score__latest_value"": 47.01, ""fema_nri_risk_score__rank_national"": 22.0, ""fema_nri_risk_score__zscore_national"": 0.352459, ""fema_nri_social_vulnerability__latest_value"": 46.73, ""fema_nri_social_vulnerability__rank_national"": 28.0, ""fema_nri_social_vulnerability__zscore_national"": 0.32228}}"
51019,"Bedford, VA",2025-12-01,0.009739,18,1,high,"[{""feature_id"": ""fema_nri_social_vulnerability__latest_value"", ""contribution"": 0.3263, ""value"": 52.08}, {""feature_id"": ""fema_nri_social_vulnerability__zscore_national"", ""contribution"": 0.3263, ""value"": 0.623426}, {""feature_id"": ""fema_nri_social_vulnerability__rank_national"", ""contribution"": 0.2919, ""value"": 19.0}]","[{""feature_id"": ""fema_nri_risk_score__rank_national"", ""contribution"": -0.1561, ""value"": 42.0}, {""feature_id"": ""fema_nri_risk_score__zscore_national"", ""contribution"": -0.1397, ""value"": -0.412181}, {""feature_id"": ""fema_nri_risk_score__latest_value"", ""contribution"": -0.1397, ""value"": 31.87}]","{""recipe_id"": ""labour_shock_monitor"", ""event_id"": ""unemployment_spike_2pp_12m"", ""model_version"": ""exp4-logistic_regression"", ""feature_null_share"": 0.0, ""missing_model_features"": [], ""features_used"": {""bls_laus_labor_force__latest_value"": 642036.0, ""bls_laus_labor_force__pct_change_12m"": 0.0, ""bls_laus_labor_force__zscore_national"": 0.639795, ""bls_laus_unemployed__latest_value"": 32743.0, ""bls_laus_unemployed__pct_change_12m"": -1.923019, ""bls_laus_unemployed__zscore_national"": 0.594257, ""bls_laus_unemployment_rate__change_1m"": -0.4, ""bls_laus_unemployment_rate__change_3m"": -0.2, ""bls_laus_unemployment_rate__latest_value"": 5.1, ""bls_laus_unemployment_rate__missing_indicator"": 0.0, ""bls_laus_unemployment_rate__pct_change_12m"": -1.923077, ""bls_laus_unemployment_rate__rank_national"": 27.0, ""bls_laus_unemployment_rate__rank_state"": 1.0, ""bls_laus_unemployment_rate__rolling_avg_12m"": 5.233333, ""bls_laus_unemployment_rate__rolling_avg_3m"": 5.133333, ""bls_laus_unemployment_rate__zscore_national"": 0.003533, ""bls_laus_unemployment_rate__zscore_state"": 0.707107, ""census_acs_median_gross_rent__latest_value"": 1399.0, ""census_acs_median_gross_rent__rank_national"": 34.0, ""census_acs_median_gross_rent__zscore_national"": -0.00513, ""census_acs_median_household_income__latest_value"": 73651.0, ""census_acs_median_household_income__rank_national"": 30.0, ""census_acs_median_household_income__zscore_national"": 0.250242, ""census_acs_poverty_population__latest_value"": 262561.0, ""census_acs_poverty_population__per_capita"": 0.130134, ""census_acs_poverty_population__zscore_national"": 0.935822, ""fema_nri_community_resilience__latest_value"": 58.08, ""fema_nri_community_resilience__rank_national"": 19.0, ""fema_nri_community_resilience__zscore_national"": 0.726178, ""fema_nri_eal_score__latest_value"": 31.16, ""fema_nri_eal_score__rank_national"": 41.0, ""fema_nri_eal_score__zscore_national"": -0.35746, ""fema_nri_risk_score__latest_value"": 31.87, ""fema_nri_risk_score__rank_national"": 42.0, ""fema_nri_risk_score__zscore_national"": -0.412181, ""fema_nri_social_vulnerability__latest_value"": 52.08, ""fema_nri_social_vulnerability__rank_national"": 19.0, ""fema_nri_social_vulnerability__zscore_national"": 0.623426}}"
51510,"Alexandria, VA",2025-12-01,0.009476,19,2,high,"[{""feature_id"": ""fema_nri_social_vulnerability__latest_value"", ""contribution"": 0.3411, ""value"": 52.76}, {""feature_id"": ""fema_nri_social_vulnerability__zscore_national"", ""contribution"": 0.3411, ""value"": 0.661702}, {""feature_id"": ""fema_nri_eal_score__rank_national"", ""contribution"": 0.335, ""value"": 13.0}]","[{""feature_id"": ""bls_laus_unemployment_rate__rolling_avg_3m"", ""contribution"": -0.1884, ""value"": 3.466667}, {""feature_id"": ""bls_laus_unemployment_rate__latest_value"", ""contribution"": -0.1851, ""value"": 3.5}, {""feature_id"": ""bls_laus_unemployment_rate__rolling_avg_12m"", ""contribution"": -0.1847, ""value"": 3.508333}]","{""recipe_id"": ""labour_shock_monitor"", ""event_id"": ""unemployment_spike_2pp_12m"", ""model_version"": ""exp4-logistic_regression"", ""feature_null_share"": 0.0, ""missing_model_features"": [], ""features_used"": {""bls_laus_labor_force__latest_value"": 884959.0, ""bls_laus_labor_force__pct_change_12m"": 0.0, ""bls_laus_labor_force__zscore_national"": 1.605409, ""bls_laus_unemployed__latest_value"": 30973.0, ""bls_laus_unemployed__pct_change_12m"": 0.0, ""bls_laus_unemployed__zscore_national"": 0.474861, ""bls_laus_unemployment_rate__change_1m"": 0.2, ""bls_laus_unemployment_rate__change_3m"": 0.1, ""bls_laus_unemployment_rate__latest_value"": 3.5, ""bls_laus_unemployment_rate__missing_indicator"": 0.0, ""bls_laus_unemployment_rate__pct_change_12m"": 0.0, ""bls_laus_unemployment_rate__rank_national"": 55.0, ""bls_laus_unemployment_rate__rank_state"": 2.0, ""bls_laus_unemployment_rate__rolling_avg_12m"": 3.508333, ""bls_laus_unemployment_rate__rolling_avg_3m"": 3.466667, ""bls_laus_unemployment_rate__zscore_national"": -0.901006, ""bls_laus_unemployment_rate__zscore_state"": -0.707107, ""census_acs_median_gross_rent__latest_value"": 999.0, ""census_acs_median_gross_rent__rank_national"": 56.0, ""census_acs_median_gross_rent__zscore_national"": -1.177597, ""census_acs_median_household_income__latest_value"": 79709.0, ""census_acs_median_household_income__rank_national"": 20.0, ""census_acs_median_household_income__zscore_national"": 0.655066, ""census_acs_poverty_population__latest_value"": 21820.0, ""census_acs_poverty_population__per_capita"": 0.115666, ""census_acs_poverty_population__zscore_national"": -1.216092, ""fema_nri_community_resilience__latest_value"": 54.39, ""fema_nri_community_resilience__rank_national"": 25.0, ""fema_nri_community_resilience__zscore_national"": 0.421256, ""fema_nri_eal_score__latest_value"": 51.43, ""fema_nri_eal_score__rank_national"": 13.0, ""fema_nri_eal_score__zscore_national"": 0.66248, ""fema_nri_risk_score__latest_value"": 47.09, ""fema_nri_risk_score__rank_national"": 20.0, ""fema_nri_risk_score__zscore_national"": 0.3565, ""fema_nri_social_vulnerability__latest_value"": 52.76, ""fema_nri_social_vulnerability__rank_national"": 17.0, ""fema_nri_social_vulnerability__zscore_national"": 0.661702}}"
41051,"Multnomah, OR",2025-12-01,0.008704,20,1,high,"[{""feature_id"": ""fema_nri_social_vulnerability__latest_value"", ""contribution"": 0.315, ""value"": 51.56}, {""feature_id"": ""fema_nri_social_vulnerability__zscore_national"", ""contribution"": 0.315, ""value"": 0.594156}, {""feature_id"": ""fema_nri_social_vulnerability__rank_national"", ""contribution"": 0.2583, ""value"": 21.0}]","[{""feature_id"": ""bls_laus_unemployed__latest_value"", ""contribution"": -0.1597, ""value"": 4511.0}, {""feature_id"": ""bls_laus_unemployed__zscore_national"", ""contribution"": -0.1476, ""value"": -1.310152}, {""feature_id"": ""census_acs_median_household_income__latest_value"", ""contribution"": -0.1161, ""value"": 79560.0}]","{""recipe_id"": ""labour_shock_monitor"", ""event_id"": ""unemployment_spike_2pp_12m"", ""model_version"": ""exp4-logistic_regression"", ""feature_null_share"": 0.0263, ""missing_model_features"": [], ""features_used"": {""bls_laus_labor_force__latest_value"": 82021.0, ""bls_laus_labor_force__pct_change_12m"": 0.0, ""bls_laus_labor_force__zscore_national"": -1.586251, ""bls_laus_unemployed__latest_value"": 4511.0, ""bls_laus_unemployed__pct_change_12m"": 1.851434, ""bls_laus_unemployed__zscore_national"": -1.310152, ""bls_laus_unemployment_rate__change_1m"": 0.5, ""bls_laus_unemployment_rate__change_3m"": 0.5, ""bls_laus_unemployment_rate__latest_value"": 5.5, ""bls_laus_unemployment_rate__missing_indicator"": 0.0, ""bls_laus_unemployment_rate__pct_change_12m"": 1.851852, ""bls_laus_unemployment_rate__rank_national"": 18.0, ""bls_laus_unemployment_rate__rank_state"": 1.0, ""bls_laus_unemployment_rate__rolling_avg_12m"": 5.116667, ""bls_laus_unemployment_rate__rolling_avg_3m"": 5.2, ""bls_laus_unemployment_rate__zscore_national"": 0.229668, ""bls_laus_unemployment_rate__zscore_state"": null, ""census_acs_median_gross_rent__latest_value"": 1471.0, ""census_acs_median_gross_rent__rank_national"": 29.0, ""census_acs_median_gross_rent__zscore_national"": 0.205915, ""census_acs_median_household_income__latest_value"": 79560.0, ""census_acs_median_household_income__rank_national"": 21.0, ""census_acs_median_household_income__zscore_national"": 0.645109, ""census_acs_poverty_population__latest_value"": 245648.0, ""census_acs_poverty_population__per_capita"": 0.136868, ""census_acs_poverty_population__zscore_national"": 0.784642, ""fema_nri_community_resilience__latest_value"": 42.0, ""fema_nri_community_resilience__rank_national"": 43.0, ""fema_nri_community_resilience__zscore_national"": -0.602588, ""fema_nri_eal_score__latest_value"": 34.68, ""fema_nri_eal_score__rank_national"": 32.0, ""fema_nri_eal_score__zscore_national"": -0.180342, ""fema_nri_risk_score__latest_value"": 41.76, ""fema_nri_risk_score__rank_national"": 28.0, ""fema_nri_risk_score__zscore_national"": 0.08731, ""fema_nri_social_vulnerability__latest_value"": 51.56, ""fema_nri_social_vulnerability__rank_national"": 21.0, ""fema_nri_social_vulnerability__zscore_national"": 0.594156}}"
38017,"Cass, ND",2025-12-01,0.007332,21,1,high,"[{""feature_id"": ""census_acs_median_household_income__rank_national"", ""contribution"": 0.3696, ""value"": 50.0}, {""feature_id"": ""census_acs_median_household_income__zscore_national"", ""contribution"": 0.368, ""value"": -0.842075}, {""feature_id"": ""census_acs_median_household_income__latest_value"", ""contribution"": 0.368, ""value"": 57305.0}]","[{""feature_id"": ""fema_nri_risk_score__zscore_national"", ""contribution"": -0.1015, ""value"": -0.314202}, {""feature_id"": ""fema_nri_risk_score__latest_value"", ""contribution"": -0.1015, ""value"": 33.81}, {""feature_id"": ""census_acs_poverty_population__per_capita"", ""contribution"": -0.0987, ""value"": 0.121192}]","{""recipe_id"": ""labour_shock_monitor"", ""event_id"": ""unemployment_spike_2pp_12m"", ""model_version"": ""exp4-logistic_regression"", ""feature_null_share"": 0.0263, ""missing_model_features"": [], ""features_used"": {""bls_laus_labor_force__latest_value"": 578627.0, ""bls_laus_labor_force__pct_change_12m"": 0.0, ""bls_laus_labor_force__zscore_national"": 0.387746, ""bls_laus_unemployed__latest_value"": 24302.0, ""bls_laus_unemployed__pct_change_12m"": -2.323151, ""bls_laus_unemployed__zscore_national"": 0.024864, ""bls_laus_unemployment_rate__change_1m"": 0.2, ""bls_laus_unemployment_rate__change_3m"": -0.1, ""bls_laus_unemployment_rate__latest_value"": 4.2, ""bls_laus_unemployment_rate__missing_indicator"": 0.0, ""bls_laus_unemployment_rate__pct_change_12m"": -2.325581, ""bls_laus_unemployment_rate__rank_national"": 40.0, ""bls_laus_unemployment_rate__rank_state"": 1.0, ""bls_laus_unemployment_rate__rolling_avg_12m"": 4.183333, ""bls_laus_unemployment_rate__rolling_avg_3m"": 4.2, ""bls_laus_unemployment_rate__zscore_national"": -0.50527, ""bls_laus_unemployment_rate__zscore_state"": null, ""census_acs_median_gross_rent__latest_value"": 1523.0, ""census_acs_median_gross_rent__rank_national"": 24.0, ""census_acs_median_gross_rent__zscore_national"": 0.358336, ""census_acs_median_household_income__latest_value"": 57305.0, ""census_acs_median_household_income__rank_national"": 50.0, ""census_acs_median_household_income__zscore_national"": -0.842075, ""census_acs_poverty_population__latest_value"": 190618.0, ""census_acs_poverty_population__per_capita"": 0.121192, ""census_acs_poverty_population__zscore_national"": 0.292745, ""fema_nri_community_resilience__latest_value"": 62.04, ""fema_nri_community_resilience__rank_national"": 14.0, ""fema_nri_community_resilience__zscore_national"": 1.053412, ""fema_nri_eal_score__latest_value"": 31.71, ""fema_nri_eal_score__rank_national"": 39.0, ""fema_nri_eal_score__zscore_national"": -0.329785, ""fema_nri_risk_score__latest_value"": 33.81, ""fema_nri_risk_score__rank_national"": 35.0, ""fema_nri_risk_score__zscore_national"": -0.314202, ""fema_nri_social_vulnerability__latest_value"": 44.78, ""fema_nri_social_vulnerability__rank_national"": 30.0, ""fema_nri_social_vulnerability__zscore_national"": 0.212517}}"
27053,"Hennepin, MN",2025-12-01,0.007307,22,1,high,"[{""feature_id"": ""bls_laus_unemployment_rate__rolling_avg_12m"", ""contribution"": 0.2486, ""value"": 6.041667}, {""feature_id"": ""bls_laus_unemployment_rate__rolling_avg_3m"", ""contribution"": 0.2349, ""value"": 6.0}, {""feature_id"": ""fema_nri_risk_score__rank_national"", ""contribution"": 0.2238, ""value"": 21.0}]","[{""feature_id"": ""census_acs_poverty_population__per_capita"", ""contribution"": -0.509, ""value"": 0.093163}, {""feature_id"": ""fema_nri_social_vulnerability__zscore_national"", ""contribution"": -0.1832, ""value"": -0.69092}, {""feature_id"": ""fema_nri_social_vulnerability__latest_value"", ""contribution"": -0.1832, ""value"": 28.73}]","{""recipe_id"": ""labour_shock_monitor"", ""event_id"": ""unemployment_spike_2pp_12m"", ""model_version"": ""exp4-logistic_regression"", ""feature_null_share"": 0.0263, ""missing_model_features"": [], ""features_used"": {""bls_laus_labor_force__latest_value"": 415794.0, ""bls_laus_labor_force__pct_change_12m"": 0.0, ""bls_laus_labor_force__zscore_national"": -0.259511, ""bls_laus_unemployed__latest_value"": 24116.0, ""bls_laus_unemployed__pct_change_12m"": -3.331062, ""bls_laus_unemployed__zscore_national"": 0.012317, ""bls_laus_unemployment_rate__change_1m"": -0.4, ""bls_laus_unemployment_rate__change_3m"": -0.1, ""bls_laus_unemployment_rate__latest_value"": 5.8, ""bls_laus_unemployment_rate__missing_indicator"": 0.0, ""bls_laus_unemployment_rate__pct_change_12m"": -3.333333, ""bls_laus_unemployment_rate__rank_national"": 13.0, ""bls_laus_unemployment_rate__rank_state"": 1.0, ""bls_laus_unemployment_rate__rolling_avg_12m"": 6.041667, ""bls_laus_unemployment_rate__rolling_avg_3m"": 6.0, ""bls_laus_unemployment_rate__zscore_national"": 0.39927, ""bls_laus_unemployment_rate__zscore_state"": null, ""census_acs_median_gross_rent__latest_value"": 1073.0, ""census_acs_median_gross_rent__rank_national"": 52.0, ""census_acs_median_gross_rent__zscore_national"": -0.960691, ""census_acs_median_household_income__latest_value"": 76270.0, ""census_acs_median_household_income__rank_national"": 28.0, ""census_acs_median_household_income__zscore_national"": 0.425256, ""census_acs_poverty_population__latest_value"": 188590.0, ""census_acs_poverty_population__per_capita"": 0.093163, ""census_acs_poverty_population__zscore_national"": 0.274617, ""fema_nri_community_resilience__latest_value"": 49.46, ""fema_nri_community_resilience__rank_national"": 29.0, ""fema_nri_community_resilience__zscore_national"": 0.013867, ""fema_nri_eal_score__latest_value"": 41.01, ""fema_nri_eal_score__rank_national"": 24.0, ""fema_nri_eal_score__zscore_national"": 0.138169, ""fema_nri_risk_score__latest_value"": 47.04, ""fema_nri_risk_score__rank_national"": 21.0, ""fema_nri_risk_score__zscore_national"": 0.353974, ""fema_nri_social_vulnerability__latest_value"": 28.73, ""fema_nri_social_vulnerability__rank_national"": 43.0, ""fema_nri_social_vulnerability__zscore_national"": -0.69092}}"
09110,"Capitol, CT",2025-12-01,0.007242,23,1,high,"[{""feature_id"": ""census_acs_poverty_population__per_capita"", ""contribution"": 0.2729, ""value"": 0.146574}, {""feature_id"": ""fema_nri_social_vulnerability__latest_value"", ""contribution"": 0.2046, ""value"": 46.5}, {""feature_id"": ""fema_nri_social_vulnerability__zscore_national"", ""contribution"": 0.2046, ""value"": 0.309334}]","[{""feature_id"": ""bls_laus_unemployed__latest_value"", ""contribution"": -0.1108, ""value"": 10332.0}, {""feature_id"": ""bls_laus_unemployed__zscore_national"", ""contribution"": -0.107, ""value"": -0.917493}, {""feature_id"": ""census_acs_median_household_income__latest_value"", ""contribution"": -0.0794, ""value"": 77871.0}]","{""recipe_id"": ""labour_shock_monitor"", ""event_id"": ""unemployment_spike_2pp_12m"", ""model_version"": ""exp4-logistic_regression"", ""feature_null_share"": 0.0263, ""missing_model_features"": [], ""features_used"": {""bls_laus_labor_force__latest_value"": 198697.0, ""bls_laus_labor_force__pct_change_12m"": 0.0, ""bls_laus_labor_force__zscore_national"": -1.122467, ""bls_laus_unemployed__latest_value"": 10332.0, ""bls_laus_unemployed__pct_change_12m"": -10.343631, ""bls_laus_unemployed__zscore_national"": -0.917493, ""bls_laus_unemployment_rate__change_1m"": -0.2, ""bls_laus_unemployment_rate__change_3m"": -0.3, ""bls_laus_unemployment_rate__latest_value"": 5.2, ""bls_laus_unemployment_rate__missing_indicator"": 0.0, ""bls_laus_unemployment_rate__pct_change_12m"": -10.344828, ""bls_laus_unemployment_rate__rank_national"": 23.0, ""bls_laus_unemployment_rate__rank_state"": 1.0, ""bls_laus_unemployment_rate__rolling_avg_12m"": 5.508333, ""bls_laus_unemployment_rate__rolling_avg_3m"": 5.466667, ""bls_laus_unemployment_rate__zscore_national"": 0.060067, ""bls_laus_unemployment_rate__zscore_state"": null, ""census_acs_median_gross_rent__latest_value"": 1266.0, ""census_acs_median_gross_rent__rank_national"": 40.0, ""census_acs_median_gross_rent__zscore_national"": -0.394975, ""census_acs_median_household_income__latest_value"": 77871.0, ""census_acs_median_household_income__rank_national"": 25.0, ""census_acs_median_household_income__zscore_national"": 0.532242, ""census_acs_poverty_population__latest_value"": 51913.0, ""census_acs_poverty_population__per_capita"": 0.146574, ""census_acs_poverty_population__zscore_national"": -0.947099, ""fema_nri_community_resilience__latest_value"": 42.03, ""fema_nri_community_resilience__rank_national"": 42.0, ""fema_nri_community_resilience__zscore_national"": -0.600109, ""fema_nri_eal_score__latest_value"": 38.04, ""fema_nri_eal_score__rank_national"": 30.0, ""fema_nri_eal_score__zscore_national"": -0.011274, ""fema_nri_risk_score__latest_value"": 37.96, ""fema_nri_risk_score__rank_national"": 32.0, ""fema_nri_risk_score__zscore_national"": -0.104608, ""fema_nri_social_vulnerability__latest_value"": 46.5, ""fema_nri_social_vulnerability__rank_national"": 29.0, ""fema_nri_social_vulnerability__zscore_national"": 0.309334}}"
50007,"Chittenden, VT",2025-12-01,0.006118,24,1,high,"[{""feature_id"": ""fema_nri_social_vulnerability__latest_value"", ""contribution"": 0.4773, ""value"": 59.0}, {""feature_id"": ""fema_nri_social_vulnerability__zscore_national"", ""contribution"": 0.4773, ""value"": 1.012945}, {""feature_id"": ""fema_nri_social_vulnerability__rank_national"", ""contribution"": 0.4596, ""value"": 9.0}]","[{""feature_id"": ""census_acs_poverty_population__per_capita"", ""contribution"": -0.4392, ""value"": 0.097933}, {""feature_id"": ""census_acs_median_household_income__zscore_national"", ""contribution"": -0.4326, ""value"": 1.617342}, {""feature_id"": ""census_acs_median_household_income__latest_value"", ""contribution"": -0.4326, ""value"": 94109.0}]","{""recipe_id"": ""labour_shock_monitor"", ""event_id"": ""unemployment_spike_2pp_12m"", ""model_version"": ""exp4-logistic_regression"", ""feature_null_share"": 0.0263, ""missing_model_features"": [], ""features_used"": {""bls_laus_labor_force__latest_value"": 584512.0, ""bls_laus_labor_force__pct_change_12m"": 0.0, ""bls_laus_labor_force__zscore_national"": 0.411139, ""bls_laus_unemployed__latest_value"": 21042.0, ""bls_laus_unemployed__pct_change_12m"": -7.690283, ""bls_laus_unemployed__zscore_national"": -0.195042, ""bls_laus_unemployment_rate__change_1m"": -0.7, ""bls_laus_unemployment_rate__change_3m"": 0.0, ""bls_laus_unemployment_rate__latest_value"": 3.6, ""bls_laus_unemployment_rate__missing_indicator"": 0.0, ""bls_laus_unemployment_rate__pct_change_12m"": -7.692308, ""bls_laus_unemployment_rate__rank_national"": 51.0, ""bls_laus_unemployment_rate__rank_state"": 1.0, ""bls_laus_unemployment_rate__rolling_avg_12m"": 3.733333, ""bls_laus_unemployment_rate__rolling_avg_3m"": 3.833333, ""bls_laus_unemployment_rate__zscore_national"": -0.844473, ""bls_laus_unemployment_rate__zscore_state"": null, ""census_acs_median_gross_rent__latest_value"": 1783.0, ""census_acs_median_gross_rent__rank_national"": 10.0, ""census_acs_median_gross_rent__zscore_national"": 1.12044, ""census_acs_median_household_income__latest_value"": 94109.0, ""census_acs_median_household_income__rank_national"": 2.0, ""census_acs_median_household_income__zscore_national"": 1.617342, ""census_acs_poverty_population__latest_value"": 9261.0, ""census_acs_poverty_population__per_capita"": 0.097933, ""census_acs_poverty_population__zscore_national"": -1.328353, ""fema_nri_community_resilience__latest_value"": 38.86, ""fema_nri_community_resilience__rank_national"": 47.0, ""fema_nri_community_resilience__zscore_national"": -0.862061, ""fema_nri_eal_score__latest_value"": 49.63, ""fema_nri_eal_score__rank_national"": 14.0, ""fema_nri_eal_score__zscore_national"": 0.571908, ""fema_nri_risk_score__latest_value"": 53.88, ""fema_nri_risk_score__rank_national"": 11.0, ""fema_nri_risk_score__zscore_national"": 0.699426, ""fema_nri_social_vulnerability__latest_value"": 59.0, ""fema_nri_social_vulnerability__rank_national"": 9.0, ""fema_nri_social_vulnerability__zscore_national"": 1.012945}}"
06037,"Los Angeles, CA",2025-12-01,0.005932,25,2,high,"[{""feature_id"": ""census_acs_median_household_income__zscore_national"", ""contribution"": 0.3384, ""value"": -0.751126}, {""feature_id"": ""census_acs_median_household_income__latest_value"", ""contribution"": 0.3384, ""value"": 58666.0}, {""feature_id"": ""census_acs_median_household_income__rank_national"", ""contribution"": 0.3209, ""value"": 47.0}]","[{""feature_id"": ""fema_nri_social_vulnerability__zscore_national"", ""contribution"": -0.4625, ""value"": -1.411418}, {""feature_id"": ""fema_nri_social_vulnerability__latest_value"", ""contribution"": -0.4625, ""value"": 15.93}, {""feature_id"": ""fema_nri_social_vulnerability__rank_national"", ""contribution"": -0.3958, ""value"": 60.0}]","{""recipe_id"": ""labour_shock_monitor"", ""event_id"": ""unemployment_spike_2pp_12m"", ""model_version"": ""exp4-logistic_regression"", ""feature_null_share"": 0.0, ""missing_model_features"": [], ""features_used"": {""bls_laus_labor_force__latest_value"": 636310.0, ""bls_laus_labor_force__pct_change_12m"": 0.0, ""bls_laus_labor_force__zscore_national"": 0.617035, ""bls_laus_unemployed__latest_value"": 33088.0, ""bls_laus_unemployed__pct_change_12m"": -5.454753, ""bls_laus_unemployed__zscore_national"": 0.61753, ""bls_laus_unemployment_rate__change_1m"": -0.5, ""bls_laus_unemployment_rate__change_3m"": -0.7, ""bls_laus_unemployment_rate__latest_value"": 5.2, ""bls_laus_unemployment_rate__missing_indicator"": 0.0, ""bls_laus_unemployment_rate__pct_change_12m"": -5.454545, ""bls_laus_unemployment_rate__rank_national"": 23.0, ""bls_laus_unemployment_rate__rank_state"": 2.0, ""bls_laus_unemployment_rate__rolling_avg_12m"": 5.616667, ""bls_laus_unemployment_rate__rolling_avg_3m"": 5.566667, ""bls_laus_unemployment_rate__zscore_national"": 0.060067, ""bls_laus_unemployment_rate__zscore_state"": 0.434634, ""census_acs_median_gross_rent__latest_value"": 1516.0, ""census_acs_median_gross_rent__rank_national"": 25.0, ""census_acs_median_gross_rent__zscore_national"": 0.337817, ""census_acs_median_household_income__latest_value"": 58666.0, ""census_acs_median_household_income__rank_national"": 47.0, ""census_acs_median_household_income__zscore_national"": -0.751126, ""census_acs_poverty_population__latest_value"": 128153.0, ""census_acs_poverty_population__per_capita"": 0.113389, ""census_acs_poverty_population__zscore_national"": -0.265612, ""fema_nri_community_resilience__latest_value"": 32.82, ""fema_nri_community_resilience__rank_national"": 59.0, ""fema_nri_community_resilience__zscore_national"": -1.361174, ""fema_nri_eal_score__latest_value"": 42.69, ""fema_nri_eal_score__rank_national"": 23.0, ""fema_nri_eal_score__zscore_national"": 0.222703, ""fema_nri_risk_score__latest_value"": 39.95, ""fema_nri_risk_score__rank_national"": 30.0, ""fema_nri_risk_score__zscore_national"": -0.004104, ""fema_nri_social_vulnerability__latest_value"": 15.93, ""fema_nri_social_vulnerability__rank_national"": 60.0, ""fema_nri_social_vulnerability__zscore_national"": -1.411418}}"
08031,"Denver, CO",2025-12-01,0.004444,26,1,high,"[{""feature_id"": ""census_acs_median_household_income__zscore_national"", ""contribution"": 0.2051, ""value"": -0.341625}, {""feature_id"": ""census_acs_median_household_income__latest_value"", ""contribution"": 0.2051, ""value"": 64794.0}, {""feature_id"": ""census_acs_median_household_income__rank_national"", ""contribution"": 0.1425, ""value"": 36.0}]","[{""feature_id"": ""fema_nri_social_vulnerability__zscore_national"", ""contribution"": -0.2751, ""value"": -0.927896}, {""feature_id"": ""fema_nri_social_vulnerability__latest_value"", ""contribution"": -0.2751, ""value"": 24.52}, {""feature_id"": ""fema_nri_social_vulnerability__rank_national"", ""contribution"": -0.2281, ""value"": 50.0}]","{""recipe_id"": ""labour_shock_monitor"", ""event_id"": ""unemployment_spike_2pp_12m"", ""model_version"": ""exp4-logistic_regression"", ""feature_null_share"": 0.0263, ""missing_model_features"": [], ""features_used"": {""bls_laus_labor_force__latest_value"": 482636.0, ""bls_laus_labor_force__pct_change_12m"": 0.0, ""bls_laus_labor_force__zscore_national"": 0.006184, ""bls_laus_unemployed__latest_value"": 24614.0, ""bls_laus_unemployed__pct_change_12m"": -3.772626, ""bls_laus_unemployed__zscore_national"": 0.04591, ""bls_laus_unemployment_rate__change_1m"": -0.1, ""bls_laus_unemployment_rate__change_3m"": -0.1, ""bls_laus_unemployment_rate__latest_value"": 5.1, ""bls_laus_unemployment_rate__missing_indicator"": 0.0, ""bls_laus_unemployment_rate__pct_change_12m"": -3.773585, ""bls_laus_unemployment_rate__rank_national"": 27.0, ""bls_laus_unemployment_rate__rank_state"": 1.0, ""bls_laus_unemployment_rate__rolling_avg_12m"": 5.391667, ""bls_laus_unemployment_rate__rolling_avg_3m"": 5.333333, ""bls_laus_unemployment_rate__zscore_national"": 0.003533, ""bls_laus_unemployment_rate__zscore_state"": null, ""census_acs_median_gross_rent__latest_value"": 1161.0, ""census_acs_median_gross_rent__rank_national"": 46.0, ""census_acs_median_gross_rent__zscore_national"": -0.702748, ""census_acs_median_household_income__latest_value"": 64794.0, ""census_acs_median_household_income__rank_national"": 36.0, ""census_acs_median_household_income__zscore_national"": -0.341625, ""census_acs_poverty_population__latest_value"": 19416.0, ""census_acs_poverty_population__per_capita"": 0.134985, ""census_acs_poverty_population__zscore_national"": -1.23758, ""fema_nri_community_resilience__latest_value"": 48.49, ""fema_nri_community_resilience__rank_national"": 32.0, ""fema_nri_community_resilience__zscore_national"": -0.066289, ""fema_nri_eal_score__latest_value"": 39.19, ""fema_nri_eal_score__rank_national"": 29.0, ""fema_nri_eal_score__zscore_national"": 0.046591, ""fema_nri_risk_score__latest_value"": 37.42, ""fema_nri_risk_score__rank_national"": 34.0, ""fema_nri_risk_score__zscore_national"": -0.13188, ""fema_nri_social_vulnerability__latest_value"": 24.52, ""fema_nri_social_vulnerability__rank_national"": 50.0, ""fema_nri_social_vulnerability__zscore_national"": -0.927896}}"
40109,"Oklahoma, OK",2025-12-01,0.00417,27,1,high,"[{""feature_id"": ""census_acs_median_household_income__zscore_national"", ""contribution"": 0.3136, ""value"": -0.674813}, {""feature_id"": ""census_acs_median_household_income__latest_value"", ""contribution"": 0.3136, ""value"": 59808.0}, {""feature_id"": ""census_acs_median_household_income__rank_national"", ""contribution"": 0.2722, ""value"": 44.0}]","[{""feature_id"": ""bls_laus_unemployment_rate__rolling_avg_12m"", ""contribution"": -0.159, ""value"": 3.658333}, {""feature_id"": ""bls_laus_unemployment_rate__rolling_avg_3m"", ""contribution"": -0.1383, ""value"": 3.766667}, {""feature_id"": ""fema_nri_risk_score__zscore_national"", ""contribution"": -0.1153, ""value"": -0.349555}]","{""recipe_id"": ""labour_shock_monitor"", ""event_id"": ""unemployment_spike_2pp_12m"", ""model_version"": ""exp4-logistic_regression"", ""feature_null_share"": 0.0263, ""missing_model_features"": [], ""features_used"": {""bls_laus_labor_force__latest_value"": 734054.0, ""bls_laus_labor_force__pct_change_12m"": 0.0, ""bls_laus_labor_force__zscore_national"": 1.005565, ""bls_laus_unemployed__latest_value"": 29362.0, ""bls_laus_unemployed__pct_change_12m"": 11.114475, ""bls_laus_unemployed__zscore_national"": 0.36619, ""bls_laus_unemployment_rate__change_1m"": 0.6, ""bls_laus_unemployment_rate__change_3m"": 0.2, ""bls_laus_unemployment_rate__latest_value"": 4.0, ""bls_laus_unemployment_rate__missing_indicator"": 0.0, ""bls_laus_unemployment_rate__pct_change_12m"": 11.111111, ""bls_laus_unemployment_rate__rank_national"": 43.0, ""bls_laus_unemployment_rate__rank_state"": 1.0, ""bls_laus_unemployment_rate__rolling_avg_12m"": 3.658333, ""bls_laus_unemployment_rate__rolling_avg_3m"": 3.766667, ""bls_laus_unemployment_rate__zscore_national"": -0.618338, ""bls_laus_unemployment_rate__zscore_state"": null, ""census_acs_median_gross_rent__latest_value"": 1097.0, ""census_acs_median_gross_rent__rank_national"": 50.0, ""census_acs_median_gross_rent__zscore_national"": -0.890343, ""census_acs_median_household_income__latest_value"": 59808.0, ""census_acs_median_household_income__rank_national"": 44.0, ""census_acs_median_household_income__zscore_national"": -0.674813, ""census_acs_poverty_population__latest_value"": 172308.0, ""census_acs_poverty_population__per_capita"": 0.135297, ""census_acs_poverty_population__zscore_national"": 0.129077, ""fema_nri_community_resilience__latest_value"": 31.41, ""fema_nri_community_resilience__rank_national"": 61.0, ""fema_nri_community_resilience__zscore_national"": -1.477689, ""fema_nri_eal_score__latest_value"": 33.88, ""fema_nri_eal_score__rank_national"": 33.0, ""fema_nri_eal_score__zscore_national"": -0.220596, ""fema_nri_risk_score__latest_value"": 33.11, ""fema_nri_risk_score__rank_national"": 38.0, ""fema_nri_risk_score__zscore_national"": -0.349555, ""fema_nri_social_vulnerability__latest_value"": 39.34, ""fema_nri_social_vulnerability__rank_national"": 35.0, ""fema_nri_social_vulnerability__zscore_national"": -0.093695}}"
10003,"New Castle, DE",2025-12-01,0.00343,28,1,high,"[{""feature_id"": ""census_acs_poverty_population__per_capita"", ""contribution"": 0.4128, ""value"": 0.156132}, {""feature_id"": ""fema_nri_social_vulnerability__latest_value"", ""contribution"": 0.2966, ""value"": 50.72}, {""feature_id"": ""fema_nri_social_vulnerability__zscore_national"", ""contribution"": 0.2966, ""value"": 0.546873}]","[{""feature_id"": ""fema_nri_risk_score__rank_national"", ""contribution"": -0.2646, ""value"": 48.0}, {""feature_id"": ""fema_nri_risk_score__zscore_national"", ""contribution"": -0.2354, ""value"": -0.658138}, {""feature_id"": ""fema_nri_risk_score__latest_value"", ""contribution"": -0.2354, ""value"": 27.0}]","{""recipe_id"": ""labour_shock_monitor"", ""event_id"": ""unemployment_spike_2pp_12m"", ""model_version"": ""exp4-logistic_regression"", ""feature_null_share"": 0.0263, ""missing_model_features"": [], ""features_used"": {""bls_laus_labor_force__latest_value"": 734596.0, ""bls_laus_labor_force__pct_change_12m"": 0.0, ""bls_laus_labor_force__zscore_national"": 1.007719, ""bls_laus_unemployed__latest_value"": 27914.0, ""bls_laus_unemployed__pct_change_12m"": 5.554925, ""bls_laus_unemployed__zscore_national"": 0.268514, ""bls_laus_unemployment_rate__change_1m"": -0.3, ""bls_laus_unemployment_rate__change_3m"": 0.0, ""bls_laus_unemployment_rate__latest_value"": 3.8, ""bls_laus_unemployment_rate__missing_indicator"": 0.0, ""bls_laus_unemployment_rate__pct_change_12m"": 5.555556, ""bls_laus_unemployment_rate__rank_national"": 48.0, ""bls_laus_unemployment_rate__rank_state"": 1.0, ""bls_laus_unemployment_rate__rolling_avg_12m"": 3.816667, ""bls_laus_unemployment_rate__rolling_avg_3m"": 4.0, ""bls_laus_unemployment_rate__zscore_national"": -0.731405, ""bls_laus_unemployment_rate__zscore_state"": null, ""census_acs_median_gross_rent__latest_value"": 1037.0, ""census_acs_median_gross_rent__rank_national"": 54.0, ""census_acs_median_gross_rent__zscore_national"": -1.066213, ""census_acs_median_household_income__latest_value"": 65537.0, ""census_acs_median_household_income__rank_national"": 35.0, ""census_acs_median_household_income__zscore_national"": -0.291974, ""census_acs_poverty_population__latest_value"": 212423.0, ""census_acs_poverty_population__per_capita"": 0.156132, ""census_acs_poverty_population__zscore_national"": 0.487653, ""fema_nri_community_resilience__latest_value"": 50.62, ""fema_nri_community_resilience__rank_national"": 28.0, ""fema_nri_community_resilience__zscore_national"": 0.109723, ""fema_nri_eal_score__latest_value"": 25.3, ""fema_nri_eal_score__rank_national"": 48.0, ""fema_nri_eal_score__zscore_national"": -0.652322, ""fema_nri_risk_score__latest_value"": 27.0, ""fema_nri_risk_score__rank_national"": 48.0, ""fema_nri_risk_score__zscore_national"": -0.658138, ""fema_nri_social_vulnerability__latest_value"": 50.72, ""fema_nri_social_vulnerability__rank_national"": 24.0, ""fema_nri_social_vulnerability__zscore_national"": 0.546873}}"
36047,"Kings, NY",2025-12-01,0.003333,29,1,high,"[{""feature_id"": ""fema_nri_social_vulnerability__latest_value"", ""contribution"": 0.366, ""value"": 53.9}, {""feature_id"": ""fema_nri_social_vulnerability__zscore_national"", ""contribution"": 0.366, ""value"": 0.725872}, {""feature_id"": ""fema_nri_social_vulnerability__rank_national"", ""contribution"": 0.3422, ""value"": 16.0}]","[{""feature_id"": ""fema_nri_risk_score__rank_national"", ""contribution"": -0.4093, ""value"": 56.0}, {""feature_id"": ""fema_nri_risk_score__zscore_national"", ""contribution"": -0.4025, ""value"": -1.087428}, {""feature_id"": ""fema_nri_risk_score__latest_value"", ""contribution"": -0.4025, ""value"": 18.5}]","{""recipe_id"": ""labour_shock_monitor"", ""event_id"": ""unemployment_spike_2pp_12m"", ""model_version"": ""exp4-logistic_regression"", ""feature_null_share"": 0.0, ""missing_model_features"": [], ""features_used"": {""bls_laus_labor_force__latest_value"": 865115.0, ""bls_laus_labor_force__pct_change_12m"": 0.0, ""bls_laus_labor_force__zscore_national"": 1.526529, ""bls_laus_unemployed__latest_value"": 37199.0, ""bls_laus_unemployed__pct_change_12m"": -2.275056, ""bls_laus_unemployed__zscore_national"": 0.89484, ""bls_laus_unemployment_rate__change_1m"": -0.2, ""bls_laus_unemployment_rate__change_3m"": 0.3, ""bls_laus_unemployment_rate__latest_value"": 4.3, ""bls_laus_unemployment_rate__missing_indicator"": 0.0, ""bls_laus_unemployment_rate__pct_change_12m"": -2.272727, ""bls_laus_unemployment_rate__rank_national"": 37.0, ""bls_laus_unemployment_rate__rank_state"": 1.0, ""bls_laus_unemployment_rate__rolling_avg_12m"": 4.2, ""bls_laus_unemployment_rate__rolling_avg_3m"": 4.4, ""bls_laus_unemployment_rate__zscore_national"": -0.448737, ""bls_laus_unemployment_rate__zscore_state"": 0.707107, ""census_acs_median_gross_rent__latest_value"": 1693.0, ""census_acs_median_gross_rent__rank_national"": 13.0, ""census_acs_median_gross_rent__zscore_national"": 0.856634, ""census_acs_median_household_income__latest_value"": 59699.0, ""census_acs_median_household_income__rank_national"": 46.0, ""census_acs_median_household_income__zscore_national"": -0.682096, ""census_acs_poverty_population__latest_value"": 133014.0, ""census_acs_poverty_population__per_capita"": 0.146311, ""census_acs_poverty_population__zscore_national"": -0.222161, ""fema_nri_community_resilience__latest_value"": 36.71, ""fema_nri_community_resilience__rank_national"": 53.0, ""fema_nri_community_resilience__zscore_national"": -1.039725, ""fema_nri_eal_score__latest_value"": 19.01, ""fema_nri_eal_score__rank_national"": 54.0, ""fema_nri_eal_score__zscore_national"": -0.96882, ""fema_nri_risk_score__latest_value"": 18.5, ""fema_nri_risk_score__rank_national"": 56.0, ""fema_nri_risk_score__zscore_national"": -1.087428, ""fema_nri_social_vulnerability__latest_value"": 53.9, ""fema_nri_social_vulnerability__rank_national"": 16.0, ""fema_nri_social_vulnerability__zscore_national"": 0.725872}}"
48453,"Travis, TX",2025-12-01,0.003185,30,2,high,"[{""feature_id"": ""census_acs_median_household_income__zscore_national"", ""contribution"": 0.2881, ""value"": -0.596494}, {""feature_id"": ""census_acs_median_household_income__latest_value"", ""contribution"": 0.2881, ""value"": 60980.0}, {""feature_id"": ""census_acs_median_household_income__rank_national"", ""contribution"": 0.2236, ""value"": 41.0}]","[{""feature_id"": ""census_acs_poverty_population__per_capita"", ""contribution"": -0.6513, ""value"": 0.083443}, {""feature_id"": ""fema_nri_social_vulnerability__zscore_national"", ""contribution"": -0.4924, ""value"": -1.488534}, {""feature_id"": ""fema_nri_social_vulnerability__latest_value"", ""contribution"": -0.4924, ""value"": 14.56}]","{""recipe_id"": ""labour_shock_monitor"", ""event_id"": ""unemployment_spike_2pp_12m"", ""model_version"": ""exp4-logistic_regression"", ""feature_null_share"": 0.0, ""missing_model_features"": [], ""features_used"": {""bls_laus_labor_force__latest_value"": 761761.0, ""bls_laus_labor_force__pct_change_12m"": 0.0, ""bls_laus_labor_force__zscore_national"": 1.115699, ""bls_laus_unemployed__latest_value"": 39611.0, ""bls_laus_unemployed__pct_change_12m"": 1.96144, ""bls_laus_unemployed__zscore_national"": 1.057543, ""bls_laus_unemployment_rate__change_1m"": 0.7, ""bls_laus_unemployment_rate__change_3m"": 0.4, ""bls_laus_unemployment_rate__latest_value"": 5.2, ""bls_laus_unemployment_rate__missing_indicator"": 0.0, ""bls_laus_unemployment_rate__pct_change_12m"": 1.960784, ""bls_laus_unemployment_rate__rank_national"": 23.0, ""bls_laus_unemployment_rate__rank_state"": 1.0, ""bls_laus_unemployment_rate__rolling_avg_12m"": 5.008333, ""bls_laus_unemployment_rate__rolling_avg_3m"": 4.9, ""bls_laus_unemployment_rate__zscore_national"": 0.060067, ""bls_laus_unemployment_rate__zscore_state"": 1.037615, ""census_acs_median_gross_rent__latest_value"": 1289.0, ""census_acs_median_gross_rent__rank_national"": 39.0, ""census_acs_median_gross_rent__zscore_national"": -0.327558, ""census_acs_median_household_income__latest_value"": 60980.0, ""census_acs_median_household_income__rank_national"": 41.0, ""census_acs_median_household_income__zscore_national"": -0.596494, ""census_acs_poverty_population__latest_value"": 11625.0, ""census_acs_poverty_population__per_capita"": 0.083443, ""census_acs_poverty_population__zscore_national"": -1.307222, ""fema_nri_community_resilience__latest_value"": 65.88, ""fema_nri_community_resilience__rank_national"": 7.0, ""fema_nri_community_resilience__zscore_national"": 1.370729, ""fema_nri_eal_score__latest_value"": 40.1, ""fema_nri_eal_score__rank_national"": 26.0, ""fema_nri_eal_score__zscore_national"": 0.09238, ""fema_nri_risk_score__latest_value"": 44.41, ""fema_nri_risk_score__rank_national"": 26.0, ""fema_nri_risk_score__zscore_national"": 0.221147, ""fema_nri_social_vulnerability__latest_value"": 14.56, ""fema_nri_social_vulnerability__rank_national"": 62.0, ""fema_nri_social_vulnerability__zscore_national"": -1.488534}}"
15003,"Honolulu, HI",2025-12-01,0.003184,31,1,high,"[{""feature_id"": ""census_acs_median_household_income__zscore_national"", ""contribution"": 0.3141, ""value"": -0.676483}, {""feature_id"": ""census_acs_median_household_income__latest_value"", ""contribution"": 0.3141, ""value"": 59783.0}, {""feature_id"": ""census_acs_median_household_income__rank_national"", ""contribution"": 0.2885, ""value"": 45.0}]","[{""feature_id"": ""fema_nri_risk_score__rank_national"", ""contribution"": -0.2103, ""value"": 45.0}, {""feature_id"": ""bls_laus_unemployed__latest_value"", ""contribution"": -0.1742, ""value"": 2780.0}, {""feature_id"": ""bls_laus_unemployed__zscore_national"", ""contribution"": -0.1596, ""value"": -1.426918}]","{""recipe_id"": ""labour_shock_monitor"", ""event_id"": ""unemployment_spike_2pp_12m"", ""model_version"": ""exp4-logistic_regression"", ""feature_null_share"": 0.0263, ""missing_model_features"": [], ""features_used"": {""bls_laus_labor_force__latest_value"": 73173.0, ""bls_laus_labor_force__pct_change_12m"": 0.0, ""bls_laus_labor_force__zscore_national"": -1.621422, ""bls_laus_unemployed__latest_value"": 2780.0, ""bls_laus_unemployed__pct_change_12m"": -2.55871, ""bls_laus_unemployed__zscore_national"": -1.426918, ""bls_laus_unemployment_rate__change_1m"": 0.3, ""bls_laus_unemployment_rate__change_3m"": -0.4, ""bls_laus_unemployment_rate__latest_value"": 3.8, ""bls_laus_unemployment_rate__missing_indicator"": 0.0, ""bls_laus_unemployment_rate__pct_change_12m"": -2.564103, ""bls_laus_unemployment_rate__rank_national"": 48.0, ""bls_laus_unemployment_rate__rank_state"": 1.0, ""bls_laus_unemployment_rate__rolling_avg_12m"": 3.85, ""bls_laus_unemployment_rate__rolling_avg_3m"": 3.7, ""bls_laus_unemployment_rate__zscore_national"": -0.731405, ""bls_laus_unemployment_rate__zscore_state"": null, ""census_acs_median_gross_rent__latest_value"": 1496.0, ""census_acs_median_gross_rent__rank_national"": 27.0, ""census_acs_median_gross_rent__zscore_national"": 0.279194, ""census_acs_median_household_income__latest_value"": 59783.0, ""census_acs_median_household_income__rank_national"": 45.0, ""census_acs_median_household_income__zscore_national"": -0.676483, ""census_acs_poverty_population__latest_value"": 158642.0, ""census_acs_poverty_population__per_capita"": 0.140991, ""census_acs_poverty_population__zscore_national"": 0.006921, ""fema_nri_community_resilience__latest_value"": 54.81, ""fema_nri_community_resilience__rank_national"": 24.0, ""fema_nri_community_resilience__zscore_national"": 0.455963, ""fema_nri_eal_score__latest_value"": 31.29, ""fema_nri_eal_score__rank_national"": 40.0, ""fema_nri_eal_score__zscore_national"": -0.350919, ""fema_nri_risk_score__latest_value"": 31.01, ""fema_nri_risk_score__rank_national"": 45.0, ""fema_nri_risk_score__zscore_national"": -0.455615, ""fema_nri_social_vulnerability__latest_value"": 47.16, ""fema_nri_social_vulnerability__rank_national"": 27.0, ""fema_nri_social_vulnerability__zscore_national"": 0.346485}}"
55079,"Milwaukee, WI",2025-12-01,0.003111,32,1,high,"[{""feature_id"": ""fema_nri_risk_score__rank_national"", ""contribution"": 0.3685, ""value"": 13.0}, {""feature_id"": ""fema_nri_eal_score__rank_national"", ""contribution"": 0.3512, ""value"": 12.0}, {""feature_id"": ""fema_nri_eal_score__zscore_national"", ""contribution"": 0.2907, ""value"": 0.691664}]","[{""feature_id"": ""census_acs_poverty_population__per_capita"", ""contribution"": -0.6682, ""value"": 0.082291}, {""feature_id"": ""fema_nri_social_vulnerability__zscore_national"", ""contribution"": -0.4745, ""value"": -1.442377}, {""feature_id"": ""fema_nri_social_vulnerability__latest_value"", ""contribution"": -0.4745, ""value"": 15.38}]","{""recipe_id"": ""labour_shock_monitor"", ""event_id"": ""unemployment_spike_2pp_12m"", ""model_version"": ""exp4-logistic_regression"", ""feature_null_share"": 0.0263, ""missing_model_features"": [], ""features_used"": {""bls_laus_labor_force__latest_value"": 367392.0, ""bls_laus_labor_force__pct_change_12m"": 0.0, ""bls_laus_labor_force__zscore_national"": -0.451908, ""bls_laus_unemployed__latest_value"": 19471.0, ""bls_laus_unemployed__pct_change_12m"": -3.637533, ""bls_laus_unemployed__zscore_national"": -0.301015, ""bls_laus_unemployment_rate__change_1m"": -0.2, ""bls_laus_unemployment_rate__change_3m"": -0.4, ""bls_laus_unemployment_rate__latest_value"": 5.3, ""bls_laus_unemployment_rate__missing_indicator"": 0.0, ""bls_laus_unemployment_rate__pct_change_12m"": -3.636364, ""bls_laus_unemployment_rate__rank_national"": 22.0, ""bls_laus_unemployment_rate__rank_state"": 1.0, ""bls_laus_unemployment_rate__rolling_avg_12m"": 5.391667, ""bls_laus_unemployment_rate__rolling_avg_3m"": 5.3, ""bls_laus_unemployment_rate__zscore_national"": 0.116601, ""bls_laus_unemployment_rate__zscore_state"": null, ""census_acs_median_gross_rent__latest_value"": 1634.0, ""census_acs_median_gross_rent__rank_national"": 18.0, ""census_acs_median_gross_rent__zscore_national"": 0.683695, ""census_acs_median_household_income__latest_value"": 79088.0, ""census_acs_median_household_income__rank_national"": 22.0, ""census_acs_median_household_income__zscore_national"": 0.613568, ""census_acs_poverty_population__latest_value"": 96649.0, ""census_acs_poverty_population__per_capita"": 0.082291, ""census_acs_poverty_population__zscore_national"": -0.547217, ""fema_nri_community_resilience__latest_value"": 46.31, ""fema_nri_community_resilience__rank_national"": 35.0, ""fema_nri_community_resilience__zscore_national"": -0.246432, ""fema_nri_eal_score__latest_value"": 52.01, ""fema_nri_eal_score__rank_national"": 12.0, ""fema_nri_eal_score__zscore_national"": 0.691664, ""fema_nri_risk_score__latest_value"": 52.13, ""fema_nri_risk_score__rank_national"": 13.0, ""fema_nri_risk_score__zscore_national"": 0.611043, ""fema_nri_social_vulnerability__latest_value"": 15.38, ""fema_nri_social_vulnerability__rank_national"": 61.0, ""fema_nri_social_vulnerability__zscore_national"": -1.442377}}"
37119,"Mecklenburg, NC",2025-12-01,0.003,33,1,high,"[{""feature_id"": ""fema_nri_risk_score__rank_national"", ""contribution"": 0.3685, ""value"": 13.0}, {""feature_id"": ""census_acs_poverty_population__per_capita"", ""contribution"": 0.3657, ""value"": 0.152914}, {""feature_id"": ""fema_nri_risk_score__latest_value"", ""contribution"": 0.2586, ""value"": 52.13}]","[{""feature_id"": ""census_acs_median_household_income__zscore_national"", ""contribution"": -0.3175, ""value"": 1.263973}, {""feature_id"": ""census_acs_median_household_income__latest_value"", ""contribution"": -0.3175, ""value"": 88821.0}, {""feature_id"": ""census_acs_median_household_income__rank_national"", ""contribution"": -0.2792, ""value"": 10.0}]","{""recipe_id"": ""labour_shock_monitor"", ""event_id"": ""unemployment_spike_2pp_12m"", ""model_version"": ""exp4-logistic_regression"", ""feature_null_share"": 0.0263, ""missing_model_features"": [], ""features_used"": {""bls_laus_labor_force__latest_value"": 759299.0, ""bls_laus_labor_force__pct_change_12m"": 0.0, ""bls_laus_labor_force__zscore_national"": 1.105913, ""bls_laus_unemployed__latest_value"": 28853.0, ""bls_laus_unemployed__pct_change_12m"": 0.0, ""bls_laus_unemployed__zscore_national"": 0.331855, ""bls_laus_unemployment_rate__change_1m"": 0.0, ""bls_laus_unemployment_rate__change_3m"": -0.2, ""bls_laus_unemployment_rate__latest_value"": 3.8, ""bls_laus_unemployment_rate__missing_indicator"": 0.0, ""bls_laus_unemployment_rate__pct_change_12m"": 0.0, ""bls_laus_unemployment_rate__rank_national"": 48.0, ""bls_laus_unemployment_rate__rank_state"": 1.0, ""bls_laus_unemployment_rate__rolling_avg_12m"": 3.808333, ""bls_laus_unemployment_rate__rolling_avg_3m"": 3.9, ""bls_laus_unemployment_rate__zscore_national"": -0.731405, ""bls_laus_unemployment_rate__zscore_state"": null, ""census_acs_median_gross_rent__latest_value"": 1074.0, ""census_acs_median_gross_rent__rank_national"": 51.0, ""census_acs_median_gross_rent__zscore_national"": -0.95776, ""census_acs_median_household_income__latest_value"": 88821.0, ""census_acs_median_household_income__rank_national"": 10.0, ""census_acs_median_household_income__zscore_national"": 1.263973, ""census_acs_poverty_population__latest_value"": 12101.0, ""census_acs_poverty_population__per_capita"": 0.152914, ""census_acs_poverty_population__zscore_national"": -1.302967, ""fema_nri_community_resilience__latest_value"": 69.81, ""fema_nri_community_resilience__rank_national"": 2.0, ""fema_nri_community_resilience__zscore_national"": 1.695483, ""fema_nri_eal_score__latest_value"": 44.43, ""fema_nri_eal_score__rank_national"": 21.0, ""fema_nri_eal_score__zscore_national"": 0.310256, ""fema_nri_risk_score__latest_value"": 52.13, ""fema_nri_risk_score__rank_national"": 13.0, ""fema_nri_risk_score__zscore_national"": 0.611043, ""fema_nri_social_vulnerability__latest_value"": 27.26, ""fema_nri_social_vulnerability__rank_national"": 45.0, ""fema_nri_social_vulnerability__zscore_national"": -0.773665}}"
12086,"Miami-Dade, FL",2025-12-01,0.002914,34,2,high,"[{""feature_id"": ""fema_nri_social_vulnerability__latest_value"", ""contribution"": 0.3381, ""value"": 52.62}, {""feature_id"": ""fema_nri_social_vulnerability__zscore_national"", ""contribution"": 0.3381, ""value"": 0.653822}, {""feature_id"": ""fema_nri_social_vulnerability__rank_national"", ""contribution"": 0.3086, ""value"": 18.0}]","[{""feature_id"": ""census_acs_median_household_income__zscore_national"", ""contribution"": -0.4086, ""value"": 1.543834}, {""feature_id"": ""census_acs_median_household_income__latest_value"", ""contribution"": -0.4086, ""value"": 93009.0}, {""feature_id"": ""census_acs_median_household_income__rank_national"", ""contribution"": -0.3603, ""value"": 5.0}]","{""recipe_id"": ""labour_shock_monitor"", ""event_id"": ""unemployment_spike_2pp_12m"", ""model_version"": ""exp4-logistic_regression"", ""feature_null_share"": 0.0, ""missing_model_features"": [], ""features_used"": {""bls_laus_labor_force__latest_value"": 837452.0, ""bls_laus_labor_force__pct_change_12m"": 0.0, ""bls_laus_labor_force__zscore_national"": 1.416569, ""bls_laus_unemployed__latest_value"": 26798.0, ""bls_laus_unemployed__pct_change_12m"": -8.570454, ""bls_laus_unemployed__zscore_national"": 0.193233, ""bls_laus_unemployment_rate__change_1m"": -0.5, ""bls_laus_unemployment_rate__change_3m"": -0.4, ""bls_laus_unemployment_rate__latest_value"": 3.2, ""bls_laus_unemployment_rate__missing_indicator"": 0.0, ""bls_laus_unemployment_rate__pct_change_12m"": -8.571429, ""bls_laus_unemployment_rate__rank_national"": 59.0, ""bls_laus_unemployment_rate__rank_state"": 1.0, ""bls_laus_unemployment_rate__rolling_avg_12m"": 3.541667, ""bls_laus_unemployment_rate__rolling_avg_3m"": 3.5, ""bls_laus_unemployment_rate__zscore_national"": -1.070608, ""bls_laus_unemployment_rate__zscore_state"": 0.707107, ""census_acs_median_gross_rent__latest_value"": 1182.0, ""census_acs_median_gross_rent__rank_national"": 45.0, ""census_acs_median_gross_rent__zscore_national"": -0.641193, ""census_acs_median_household_income__latest_value"": 93009.0, ""census_acs_median_household_income__rank_national"": 5.0, ""census_acs_median_household_income__zscore_national"": 1.543834, ""census_acs_poverty_population__latest_value"": 297868.0, ""census_acs_poverty_population__per_capita"": 0.148004, ""census_acs_poverty_population__zscore_national"": 1.251421, ""fema_nri_community_resilience__latest_value"": 30.78, ""fema_nri_community_resilience__rank_national"": 64.0, ""fema_nri_community_resilience__zscore_national"": -1.529749, ""fema_nri_eal_score__latest_value"": 39.85, ""fema_nri_eal_score__rank_national"": 27.0, ""fema_nri_eal_score__zscore_national"": 0.079801, ""fema_nri_risk_score__latest_value"": 45.09, ""fema_nri_risk_score__rank_national"": 25.0, ""fema_nri_risk_score__zscore_national"": 0.25549, ""fema_nri_social_vulnerability__latest_value"": 52.62, ""fema_nri_social_vulnerability__rank_national"": 18.0, ""fema_nri_social_vulnerability__zscore_national"": 0.653822}}"
06085,"Santa Clara, CA",2025-12-01,0.002717,35,3,high,"[{""feature_id"": ""fema_nri_risk_score__rank_national"", ""contribution"": 0.3866, ""value"": 12.0}, {""feature_id"": ""census_acs_median_household_income__rank_national"", ""contribution"": 0.3858, ""value"": 51.0}, {""feature_id"": ""census_acs_median_household_income__zscore_national"", ""contribution"": 0.374, ""value"": -0.860518}]","[{""feature_id"": ""fema_nri_social_vulnerability__zscore_national"", ""contribution"": -0.3837, ""value"": -1.208215}, {""feature_id"": ""fema_nri_social_vulnerability__latest_value"", ""contribution"": -0.3837, ""value"": 19.54}, {""feature_id"": ""fema_nri_social_vulnerability__rank_national"", ""contribution"": -0.3455, ""value"": 57.0}]","{""recipe_id"": ""labour_shock_monitor"", ""event_id"": ""unemployment_spike_2pp_12m"", ""model_version"": ""exp4-logistic_regression"", ""feature_null_share"": 0.0, ""missing_model_features"": [], ""features_used"": {""bls_laus_labor_force__latest_value"": 548517.0, ""bls_laus_labor_force__pct_change_12m"": 0.0, ""bls_laus_labor_force__zscore_national"": 0.268059, ""bls_laus_unemployed__latest_value"": 15906.0, ""bls_laus_unemployed__pct_change_12m"": -12.126402, ""bls_laus_unemployed__zscore_national"": -0.541494, ""bls_laus_unemployment_rate__change_1m"": -0.6, ""bls_laus_unemployment_rate__change_3m"": -0.2, ""bls_laus_unemployment_rate__latest_value"": 2.9, ""bls_laus_unemployment_rate__missing_indicator"": 0.0, ""bls_laus_unemployment_rate__pct_change_12m"": -12.121212, ""bls_laus_unemployment_rate__rank_national"": 62.0, ""bls_laus_unemployment_rate__rank_state"": 3.0, ""bls_laus_unemployment_rate__rolling_avg_12m"": 3.075, ""bls_laus_unemployment_rate__rolling_avg_3m"": 3.3, ""bls_laus_unemployment_rate__zscore_national"": -1.240209, ""bls_laus_unemployment_rate__zscore_state"": -1.143773, ""census_acs_median_gross_rent__latest_value"": 1820.0, ""census_acs_median_gross_rent__rank_national"": 8.0, ""census_acs_median_gross_rent__zscore_national"": 1.228893, ""census_acs_median_household_income__latest_value"": 57029.0, ""census_acs_median_household_income__rank_national"": 51.0, ""census_acs_median_household_income__zscore_national"": -0.860518, ""census_acs_poverty_population__latest_value"": 5940.0, ""census_acs_poverty_population__per_capita"": 0.110811, ""census_acs_poverty_population__zscore_national"": -1.358038, ""fema_nri_community_resilience__latest_value"": 59.42, ""fema_nri_community_resilience__rank_national"": 18.0, ""fema_nri_community_resilience__zscore_national"": 0.836909, ""fema_nri_eal_score__latest_value"": 46.48, ""fema_nri_eal_score__rank_national"": 19.0, ""fema_nri_eal_score__zscore_national"": 0.413407, ""fema_nri_risk_score__latest_value"": 53.14, ""fema_nri_risk_score__rank_national"": 12.0, ""fema_nri_risk_score__zscore_national"": 0.662053, ""fema_nri_social_vulnerability__latest_value"": 19.54, ""fema_nri_social_vulnerability__rank_national"": 57.0, ""fema_nri_social_vulnerability__zscore_national"": -1.208215}}"
32003,"Clark, NV",2025-12-01,0.002561,36,1,high,"[{""feature_id"": ""fema_nri_risk_score__rank_national"", ""contribution"": 0.1876, ""value"": 23.0}, {""feature_id"": ""fema_nri_risk_score__latest_value"", ""contribution"": 0.1399, ""value"": 46.09}, {""feature_id"": ""fema_nri_risk_score__zscore_national"", ""contribution"": 0.1399, ""value"": 0.305995}]","[{""feature_id"": ""census_acs_poverty_population__per_capita"", ""contribution"": -0.3849, ""value"": 0.101637}, {""feature_id"": ""fema_nri_social_vulnerability__zscore_national"", ""contribution"": -0.2391, ""value"": -0.835019}, {""feature_id"": ""fema_nri_social_vulnerability__latest_value"", ""contribution"": -0.2391, ""value"": 26.17}]","{""recipe_id"": ""labour_shock_monitor"", ""event_id"": ""unemployment_spike_2pp_12m"", ""model_version"": ""exp4-logistic_regression"", ""feature_null_share"": 0.0263, ""missing_model_features"": [], ""features_used"": {""bls_laus_labor_force__latest_value"": 878165.0, ""bls_laus_labor_force__pct_change_12m"": 0.0, ""bls_laus_labor_force__zscore_national"": 1.578403, ""bls_laus_unemployed__latest_value"": 37761.0, ""bls_laus_unemployed__pct_change_12m"": -4.443657, ""bls_laus_unemployed__zscore_national"": 0.93275, ""bls_laus_unemployment_rate__change_1m"": -0.5, ""bls_laus_unemployment_rate__change_3m"": 0.3, ""bls_laus_unemployment_rate__latest_value"": 4.3, ""bls_laus_unemployment_rate__missing_indicator"": 0.0, ""bls_laus_unemployment_rate__pct_change_12m"": -4.444444, ""bls_laus_unemployment_rate__rank_national"": 37.0, ""bls_laus_unemployment_rate__rank_state"": 1.0, ""bls_laus_unemployment_rate__rolling_avg_12m"": 4.45, ""bls_laus_unemployment_rate__rolling_avg_3m"": 4.633333, ""bls_laus_unemployment_rate__zscore_national"": -0.448737, ""bls_laus_unemployment_rate__zscore_state"": null, ""census_acs_median_gross_rent__latest_value"": 1898.0, ""census_acs_median_gross_rent__rank_national"": 6.0, ""census_acs_median_gross_rent__zscore_national"": 1.457524, ""census_acs_median_household_income__latest_value"": 79005.0, ""census_acs_median_household_income__rank_national"": 23.0, ""census_acs_median_household_income__zscore_national"": 0.608021, ""census_acs_poverty_population__latest_value"": 237088.0, ""census_acs_poverty_population__per_capita"": 0.101637, ""census_acs_poverty_population__zscore_national"": 0.708127, ""fema_nri_community_resilience__latest_value"": 59.81, ""fema_nri_community_resilience__rank_national"": 17.0, ""fema_nri_community_resilience__zscore_national"": 0.869136, ""fema_nri_eal_score__latest_value"": 40.9, ""fema_nri_eal_score__rank_national"": 25.0, ""fema_nri_eal_score__zscore_national"": 0.132634, ""fema_nri_risk_score__latest_value"": 46.09, ""fema_nri_risk_score__rank_national"": 23.0, ""fema_nri_risk_score__zscore_national"": 0.305995, ""fema_nri_social_vulnerability__latest_value"": 26.17, ""fema_nri_social_vulnerability__rank_national"": 48.0, ""fema_nri_social_vulnerability__zscore_national"": -0.835019}}"
21111,"Jefferson, KY",2025-12-01,0.002299,37,1,high,"[{""feature_id"": ""census_acs_median_household_income__zscore_national"", ""contribution"": 0.2583, ""value"": -0.505078}, {""feature_id"": ""census_acs_median_household_income__latest_value"", ""contribution"": 0.2583, ""value"": 62348.0}, {""feature_id"": ""census_acs_median_household_income__rank_national"", ""contribution"": 0.2074, ""value"": 40.0}]","[{""feature_id"": ""fema_nri_social_vulnerability__zscore_national"", ""contribution"": -0.3678, ""value"": -1.167124}, {""feature_id"": ""fema_nri_social_vulnerability__latest_value"", ""contribution"": -0.3678, ""value"": 20.27}, {""feature_id"": ""fema_nri_social_vulnerability__rank_national"", ""contribution"": -0.2952, ""value"": 54.0}]","{""recipe_id"": ""labour_shock_monitor"", ""event_id"": ""unemployment_spike_2pp_12m"", ""model_version"": ""exp4-logistic_regression"", ""feature_null_share"": 0.0263, ""missing_model_features"": [], ""features_used"": {""bls_laus_labor_force__latest_value"": 387660.0, ""bls_laus_labor_force__pct_change_12m"": 0.0, ""bls_laus_labor_force__zscore_national"": -0.371343, ""bls_laus_unemployed__latest_value"": 17057.0, ""bls_laus_unemployed__pct_change_12m"": 0.0, ""bls_laus_unemployed__zscore_national"": -0.463853, ""bls_laus_unemployment_rate__change_1m"": -0.5, ""bls_laus_unemployment_rate__change_3m"": -0.2, ""bls_laus_unemployment_rate__latest_value"": 4.4, ""bls_laus_unemployment_rate__missing_indicator"": 0.0, ""bls_laus_unemployment_rate__pct_change_12m"": 0.0, ""bls_laus_unemployment_rate__rank_national"": 36.0, ""bls_laus_unemployment_rate__rank_state"": 1.0, ""bls_laus_unemployment_rate__rolling_avg_12m"": 4.833333, ""bls_laus_unemployment_rate__rolling_avg_3m"": 4.8, ""bls_laus_unemployment_rate__zscore_national"": -0.392203, ""bls_laus_unemployment_rate__zscore_state"": null, ""census_acs_median_gross_rent__latest_value"": 883.0, ""census_acs_median_gross_rent__rank_national"": 60.0, ""census_acs_median_gross_rent__zscore_national"": -1.517613, ""census_acs_median_household_income__latest_value"": 62348.0, ""census_acs_median_household_income__rank_national"": 40.0, ""census_acs_median_household_income__zscore_national"": -0.505078, ""census_acs_poverty_population__latest_value"": 188953.0, ""census_acs_poverty_population__per_capita"": 0.123833, ""census_acs_poverty_population__zscore_national"": 0.277862, ""fema_nri_community_resilience__latest_value"": 64.61, ""fema_nri_community_resilience__rank_national"": 9.0, ""fema_nri_community_resilience__zscore_national"": 1.265783, ""fema_nri_eal_score__latest_value"": 33.56, ""fema_nri_eal_score__rank_national"": 34.0, ""fema_nri_eal_score__zscore_national"": -0.236698, ""fema_nri_risk_score__latest_value"": 38.03, ""fema_nri_risk_score__rank_national"": 31.0, ""fema_nri_risk_score__zscore_national"": -0.101072, ""fema_nri_social_vulnerability__latest_value"": 20.27, ""fema_nri_social_vulnerability__rank_national"": 54.0, ""fema_nri_social_vulnerability__zscore_national"": -1.167124}}"
02020,"Anchorage, AK",2025-12-01,0.002222,38,1,high,"[{""feature_id"": ""census_acs_poverty_population__per_capita"", ""contribution"": 0.3271, ""value"": 0.150275}, {""feature_id"": ""fema_nri_social_vulnerability__latest_value"", ""contribution"": 0.2214, ""value"": 47.27}, {""feature_id"": ""fema_nri_social_vulnerability__zscore_national"", ""contribution"": 0.2214, ""value"": 0.352676}]","[{""feature_id"": ""fema_nri_risk_score__zscore_national"", ""contribution"": -0.4933, ""value"": -1.320759}, {""feature_id"": ""fema_nri_risk_score__latest_value"", ""contribution"": -0.4933, ""value"": 13.88}, {""feature_id"": ""fema_nri_risk_score__rank_national"", ""contribution"": -0.4636, ""value"": 59.0}]","{""recipe_id"": ""labour_shock_monitor"", ""event_id"": ""unemployment_spike_2pp_12m"", ""model_version"": ""exp4-logistic_regression"", ""feature_null_share"": 0.0263, ""missing_model_features"": [], ""features_used"": {""bls_laus_labor_force__latest_value"": 336076.0, ""bls_laus_labor_force__pct_change_12m"": 0.0, ""bls_laus_labor_force__zscore_national"": -0.576389, ""bls_laus_unemployed__latest_value"": 19156.0, ""bls_laus_unemployed__pct_change_12m"": 1.785335, ""bls_laus_unemployed__zscore_national"": -0.322263, ""bls_laus_unemployment_rate__change_1m"": 0.4, ""bls_laus_unemployment_rate__change_3m"": 0.1, ""bls_laus_unemployment_rate__latest_value"": 5.7, ""bls_laus_unemployment_rate__missing_indicator"": 0.0, ""bls_laus_unemployment_rate__pct_change_12m"": 1.785714, ""bls_laus_unemployment_rate__rank_national"": 15.0, ""bls_laus_unemployment_rate__rank_state"": 1.0, ""bls_laus_unemployment_rate__rolling_avg_12m"": 5.6, ""bls_laus_unemployment_rate__rolling_avg_3m"": 5.5, ""bls_laus_unemployment_rate__zscore_national"": 0.342736, ""bls_laus_unemployment_rate__zscore_state"": null, ""census_acs_median_gross_rent__latest_value"": 1778.0, ""census_acs_median_gross_rent__rank_national"": 11.0, ""census_acs_median_gross_rent__zscore_national"": 1.105784, ""census_acs_median_household_income__latest_value"": 64388.0, ""census_acs_median_household_income__rank_national"": 38.0, ""census_acs_median_household_income__zscore_national"": -0.368755, ""census_acs_poverty_population__latest_value"": 142085.0, ""census_acs_poverty_population__per_capita"": 0.150275, ""census_acs_poverty_population__zscore_national"": -0.141078, ""fema_nri_community_resilience__latest_value"": 63.85, ""fema_nri_community_resilience__rank_national"": 11.0, ""fema_nri_community_resilience__zscore_national"": 1.20298, ""fema_nri_eal_score__latest_value"": 13.7, ""fema_nri_eal_score__rank_national"": 59.0, ""fema_nri_eal_score__zscore_national"": -1.236007, ""fema_nri_risk_score__latest_value"": 13.88, ""fema_nri_risk_score__rank_national"": 59.0, ""fema_nri_risk_score__zscore_national"": -1.320759, ""fema_nri_social_vulnerability__latest_value"": 47.27, ""fema_nri_social_vulnerability__rank_national"": 26.0, ""fema_nri_social_vulnerability__zscore_national"": 0.352676}}"
42101,"Philadelphia, PA",2025-12-01,0.00219,39,1,high,"[{""feature_id"": ""fema_nri_risk_score__rank_national"", ""contribution"": 0.26, ""value"": 19.0}, {""feature_id"": ""fema_nri_eal_score__rank_national"", ""contribution"": 0.2536, ""value"": 18.0}, {""feature_id"": ""fema_nri_eal_score__zscore_national"", ""contribution"": 0.2066, ""value"": 0.469763}]","[{""feature_id"": ""census_acs_median_household_income__rank_national"", ""contribution"": -0.2305, ""value"": 13.0}, {""feature_id"": ""census_acs_median_household_income__latest_value"", ""contribution"": -0.2042, ""value"": 83608.0}, {""feature_id"": ""census_acs_median_household_income__zscore_national"", ""contribution"": -0.2042, ""value"": 0.915615}]","{""recipe_id"": ""labour_shock_monitor"", ""event_id"": ""unemployment_spike_2pp_12m"", ""model_version"": ""exp4-logistic_regression"", ""feature_null_share"": 0.0263, ""missing_model_features"": [], ""features_used"": {""bls_laus_labor_force__latest_value"": 224633.0, ""bls_laus_labor_force__pct_change_12m"": 0.0, ""bls_laus_labor_force__zscore_national"": -1.019372, ""bls_laus_unemployed__latest_value"": 8985.0, ""bls_laus_unemployed__pct_change_12m"": -6.977948, ""bls_laus_unemployed__zscore_national"": -1.008355, ""bls_laus_unemployment_rate__change_1m"": -0.5, ""bls_laus_unemployment_rate__change_3m"": -0.5, ""bls_laus_unemployment_rate__latest_value"": 4.0, ""bls_laus_unemployment_rate__missing_indicator"": 0.0, ""bls_laus_unemployment_rate__pct_change_12m"": -6.976744, ""bls_laus_unemployment_rate__rank_national"": 43.0, ""bls_laus_unemployment_rate__rank_state"": 1.0, ""bls_laus_unemployment_rate__rolling_avg_12m"": 4.391667, ""bls_laus_unemployment_rate__rolling_avg_3m"": 4.233333, ""bls_laus_unemployment_rate__zscore_national"": -0.618338, ""bls_laus_unemployment_rate__zscore_state"": null, ""census_acs_median_gross_rent__latest_value"": 1637.0, ""census_acs_median_gross_rent__rank_national"": 16.0, ""census_acs_median_gross_rent__zscore_national"": 0.692489, ""census_acs_median_household_income__latest_value"": 83608.0, ""census_acs_median_household_income__rank_national"": 13.0, ""census_acs_median_household_income__zscore_national"": 0.915615, ""census_acs_poverty_population__latest_value"": 90085.0, ""census_acs_poverty_population__per_capita"": 0.128241, ""census_acs_poverty_population__zscore_national"": -0.605891, ""fema_nri_community_resilience__latest_value"": 35.16, ""fema_nri_community_resilience__rank_national"": 56.0, ""fema_nri_community_resilience__zscore_national"": -1.167809, ""fema_nri_eal_score__latest_value"": 47.6, ""fema_nri_eal_score__rank_national"": 18.0, ""fema_nri_eal_score__zscore_national"": 0.469763, ""fema_nri_risk_score__latest_value"": 48.13, ""fema_nri_risk_score__rank_national"": 19.0, ""fema_nri_risk_score__zscore_national"": 0.409024, ""fema_nri_social_vulnerability__latest_value"": 30.43, ""fema_nri_social_vulnerability__rank_national"": 41.0, ""fema_nri_social_vulnerability__zscore_national"": -0.595229}}"
20173,"Sedgwick, KS",2025-12-01,0.002138,40,1,high,"[{""feature_id"": ""census_acs_median_household_income__zscore_national"", ""contribution"": 0.4559, ""value"": -1.11218}, {""feature_id"": ""census_acs_median_household_income__latest_value"", ""contribution"": 0.4559, ""value"": 53263.0}, {""feature_id"": ""census_acs_median_household_income__rank_national"", ""contribution"": 0.4344, ""value"": 54.0}]","[{""feature_id"": ""fema_nri_social_vulnerability__zscore_national"", ""contribution"": -0.3495, ""value"": -1.119841}, {""feature_id"": ""fema_nri_social_vulnerability__latest_value"", ""contribution"": -0.3495, ""value"": 21.11}, {""feature_id"": ""fema_nri_social_vulnerability__rank_national"", ""contribution"": -0.2784, ""value"": 53.0}]","{""recipe_id"": ""labour_shock_monitor"", ""event_id"": ""unemployment_spike_2pp_12m"", ""model_version"": ""exp4-logistic_regression"", ""feature_null_share"": 0.0263, ""missing_model_features"": [], ""features_used"": {""bls_laus_labor_force__latest_value"": 548197.0, ""bls_laus_labor_force__pct_change_12m"": 0.0, ""bls_laus_labor_force__zscore_national"": 0.266787, ""bls_laus_unemployed__latest_value"": 21927.0, ""bls_laus_unemployed__pct_change_12m"": 17.646743, ""bls_laus_unemployed__zscore_national"": -0.135344, ""bls_laus_unemployment_rate__change_1m"": 0.7, ""bls_laus_unemployment_rate__change_3m"": 0.1, ""bls_laus_unemployment_rate__latest_value"": 4.0, ""bls_laus_unemployment_rate__missing_indicator"": 0.0, ""bls_laus_unemployment_rate__pct_change_12m"": 17.647059, ""bls_laus_unemployment_rate__rank_national"": 43.0, ""bls_laus_unemployment_rate__rank_state"": 1.0, ""bls_laus_unemployment_rate__rolling_avg_12m"": 3.608333, ""bls_laus_unemployment_rate__rolling_avg_3m"": 3.6, ""bls_laus_unemployment_rate__zscore_national"": -0.618338, ""bls_laus_unemployment_rate__zscore_state"": null, ""census_acs_median_gross_rent__latest_value"": 1448.0, ""census_acs_median_gross_rent__rank_national"": 30.0, ""census_acs_median_gross_rent__zscore_national"": 0.138498, ""census_acs_median_household_income__latest_value"": 53263.0, ""census_acs_median_household_income__rank_national"": 54.0, ""census_acs_median_household_income__zscore_national"": -1.11218, ""census_acs_poverty_population__latest_value"": 186221.0, ""census_acs_poverty_population__per_capita"": 0.12747, ""census_acs_poverty_population__zscore_national"": 0.253441, ""fema_nri_community_resilience__latest_value"": 42.38, ""fema_nri_community_resilience__rank_national"": 41.0, ""fema_nri_community_resilience__zscore_national"": -0.571186, ""fema_nri_eal_score__latest_value"": 34.99, ""fema_nri_eal_score__rank_national"": 31.0, ""fema_nri_eal_score__zscore_national"": -0.164743, ""fema_nri_risk_score__latest_value"": 33.1, ""fema_nri_risk_score__rank_national"": 40.0, ""fema_nri_risk_score__zscore_national"": -0.35006, ""fema_nri_social_vulnerability__latest_value"": 21.11, ""fema_nri_social_vulnerability__rank_national"": 53.0, ""fema_nri_social_vulnerability__zscore_national"": -1.119841}}"
13121,"Fulton, GA",2025-12-01,0.001523,41,1,high,"[{""feature_id"": ""fema_nri_eal_score__rank_national"", ""contribution"": 0.2211, ""value"": 20.0}, {""feature_id"": ""fema_nri_risk_score__rank_national"", ""contribution"": 0.1695, ""value"": 24.0}, {""feature_id"": ""fema_nri_eal_score__zscore_national"", ""contribution"": 0.1534, ""value"": 0.329376}]","[{""feature_id"": ""census_acs_poverty_population__per_capita"", ""contribution"": -0.3954, ""value"": 0.100924}, {""feature_id"": ""census_acs_median_household_income__zscore_national"", ""contribution"": -0.3359, ""value"": 1.320306}, {""feature_id"": ""census_acs_median_household_income__latest_value"", ""contribution"": -0.3359, ""value"": 89664.0}]","{""recipe_id"": ""labour_shock_monitor"", ""event_id"": ""unemployment_spike_2pp_12m"", ""model_version"": ""exp4-logistic_regression"", ""feature_null_share"": 0.0263, ""missing_model_features"": [], ""features_used"": {""bls_laus_labor_force__latest_value"": 292125.0, ""bls_laus_labor_force__pct_change_12m"": 0.0, ""bls_laus_labor_force__zscore_national"": -0.751093, ""bls_laus_unemployed__latest_value"": 16066.0, ""bls_laus_unemployed__pct_change_12m"": 9.995892, ""bls_laus_unemployed__zscore_national"": -0.530702, ""bls_laus_unemployment_rate__change_1m"": 0.7, ""bls_laus_unemployment_rate__change_3m"": 0.5, ""bls_laus_unemployment_rate__latest_value"": 5.5, ""bls_laus_unemployment_rate__missing_indicator"": 0.0, ""bls_laus_unemployment_rate__pct_change_12m"": 10.0, ""bls_laus_unemployment_rate__rank_national"": 18.0, ""bls_laus_unemployment_rate__rank_state"": 1.0, ""bls_laus_unemployment_rate__rolling_avg_12m"": 4.958333, ""bls_laus_unemployment_rate__rolling_avg_3m"": 5.166667, ""bls_laus_unemployment_rate__zscore_national"": 0.229668, ""bls_laus_unemployment_rate__zscore_state"": null, ""census_acs_median_gross_rent__latest_value"": 1854.0, ""census_acs_median_gross_rent__rank_national"": 7.0, ""census_acs_median_gross_rent__zscore_national"": 1.328553, ""census_acs_median_household_income__latest_value"": 89664.0, ""census_acs_median_household_income__rank_national"": 7.0, ""census_acs_median_household_income__zscore_national"": 1.320306, ""census_acs_poverty_population__latest_value"": 21673.0, ""census_acs_poverty_population__per_capita"": 0.100924, ""census_acs_poverty_population__zscore_national"": -1.217406, ""fema_nri_community_resilience__latest_value"": 68.73, ""fema_nri_community_resilience__rank_national"": 3.0, ""fema_nri_community_resilience__zscore_national"": 1.606238, ""fema_nri_eal_score__latest_value"": 44.81, ""fema_nri_eal_score__rank_national"": 20.0, ""fema_nri_eal_score__zscore_national"": 0.329376, ""fema_nri_risk_score__latest_value"": 45.43, ""fema_nri_risk_score__rank_national"": 24.0, ""fema_nri_risk_score__zscore_national"": 0.272662, ""fema_nri_social_vulnerability__latest_value"": 24.1, ""fema_nri_social_vulnerability__rank_national"": 51.0, ""fema_nri_social_vulnerability__zscore_national"": -0.951537}}"
04013,"Maricopa, AZ",2025-12-01,0.00135,42,1,high,"[{""feature_id"": ""census_acs_poverty_population__per_capita"", ""contribution"": 0.3676, ""value"": 0.153041}, {""feature_id"": ""bls_laus_unemployment_rate__rolling_avg_12m"", ""contribution"": 0.1688, ""value"": 5.575}, {""feature_id"": ""bls_laus_unemployment_rate__change_3m"", ""contribution"": 0.1055, ""value"": -0.7}]","[{""feature_id"": ""fema_nri_risk_score__rank_national"", ""contribution"": -0.2284, ""value"": 46.0}, {""feature_id"": ""census_acs_median_household_income__rank_national"", ""contribution"": -0.2143, ""value"": 14.0}, {""feature_id"": ""census_acs_median_household_income__zscore_national"", ""contribution"": -0.1981, ""value"": 0.896971}]","{""recipe_id"": ""labour_shock_monitor"", ""event_id"": ""unemployment_spike_2pp_12m"", ""model_version"": ""exp4-logistic_regression"", ""feature_null_share"": 0.0263, ""missing_model_features"": [], ""features_used"": {""bls_laus_labor_force__latest_value"": 382456.0, ""bls_laus_labor_force__pct_change_12m"": 0.0, ""bls_laus_labor_force__zscore_national"": -0.392029, ""bls_laus_unemployed__latest_value"": 19887.0, ""bls_laus_unemployed__pct_change_12m"": -3.704242, ""bls_laus_unemployed__zscore_national"": -0.272953, ""bls_laus_unemployment_rate__change_1m"": 0.4, ""bls_laus_unemployment_rate__change_3m"": -0.7, ""bls_laus_unemployment_rate__latest_value"": 5.2, ""bls_laus_unemployment_rate__missing_indicator"": 0.0, ""bls_laus_unemployment_rate__pct_change_12m"": -3.703704, ""bls_laus_unemployment_rate__rank_national"": 23.0, ""bls_laus_unemployment_rate__rank_state"": 1.0, ""bls_laus_unemployment_rate__rolling_avg_12m"": 5.575, ""bls_laus_unemployment_rate__rolling_avg_3m"": 5.166667, ""bls_laus_unemployment_rate__zscore_national"": 0.060067, ""bls_laus_unemployment_rate__zscore_state"": null, ""census_acs_median_gross_rent__latest_value"": 1614.0, ""census_acs_median_gross_rent__rank_national"": 19.0, ""census_acs_median_gross_rent__zscore_national"": 0.625072, ""census_acs_median_household_income__latest_value"": 83329.0, ""census_acs_median_household_income__rank_national"": 14.0, ""census_acs_median_household_income__zscore_national"": 0.896971, ""census_acs_poverty_population__latest_value"": 269792.0, ""census_acs_poverty_population__per_capita"": 0.153041, ""census_acs_poverty_population__zscore_national"": 1.000458, ""fema_nri_community_resilience__latest_value"": 60.66, ""fema_nri_community_resilience__rank_national"": 16.0, ""fema_nri_community_resilience__zscore_national"": 0.939376, ""fema_nri_eal_score__latest_value"": 27.92, ""fema_nri_eal_score__rank_national"": 45.0, ""fema_nri_eal_score__zscore_national"": -0.520489, ""fema_nri_risk_score__latest_value"": 30.94, ""fema_nri_risk_score__rank_national"": 46.0, ""fema_nri_risk_score__zscore_national"": -0.45915, ""fema_nri_social_vulnerability__latest_value"": 32.72, ""fema_nri_social_vulnerability__rank_national"": 40.0, ""fema_nri_social_vulnerability__zscore_national"": -0.466327}}"
48201,"Harris, TX",2025-12-01,0.001077,43,3,high,"[{""feature_id"": ""fema_nri_social_vulnerability__latest_value"", ""contribution"": 0.3204, ""value"": 51.81}, {""feature_id"": ""fema_nri_social_vulnerability__zscore_national"", ""contribution"": 0.3204, ""value"": 0.608228}, {""feature_id"": ""fema_nri_social_vulnerability__rank_national"", ""contribution"": 0.2751, ""value"": 20.0}]","[{""feature_id"": ""census_acs_poverty_population__per_capita"", ""contribution"": -0.5846, ""value"": 0.088002}, {""feature_id"": ""bls_laus_unemployment_rate__latest_value"", ""contribution"": -0.2519, ""value"": 3.1}, {""feature_id"": ""bls_laus_unemployment_rate__rolling_avg_3m"", ""contribution"": -0.2441, ""value"": 3.133333}]","{""recipe_id"": ""labour_shock_monitor"", ""event_id"": ""unemployment_spike_2pp_12m"", ""model_version"": ""exp4-logistic_regression"", ""feature_null_share"": 0.0, ""missing_model_features"": [], ""features_used"": {""bls_laus_labor_force__latest_value"": 198767.0, ""bls_laus_labor_force__pct_change_12m"": 0.0, ""bls_laus_labor_force__zscore_national"": -1.122189, ""bls_laus_unemployed__latest_value"": 6161.0, ""bls_laus_unemployed__pct_change_12m"": -11.428982, ""bls_laus_unemployed__zscore_national"": -1.19885, ""bls_laus_unemployment_rate__change_1m"": -0.2, ""bls_laus_unemployment_rate__change_3m"": -0.2, ""bls_laus_unemployment_rate__latest_value"": 3.1, ""bls_laus_unemployment_rate__missing_indicator"": 0.0, ""bls_laus_unemployment_rate__pct_change_12m"": -11.428571, ""bls_laus_unemployment_rate__rank_national"": 61.0, ""bls_laus_unemployment_rate__rank_state"": 4.0, ""bls_laus_unemployment_rate__rolling_avg_12m"": 3.216667, ""bls_laus_unemployment_rate__rolling_avg_3m"": 3.133333, ""bls_laus_unemployment_rate__zscore_national"": -1.127141, ""bls_laus_unemployment_rate__zscore_state"": -1.08823, ""census_acs_median_gross_rent__latest_value"": 1431.0, ""census_acs_median_gross_rent__rank_national"": 32.0, ""census_acs_median_gross_rent__zscore_national"": 0.088668, ""census_acs_median_household_income__latest_value"": 78330.0, ""census_acs_median_household_income__rank_national"": 24.0, ""census_acs_median_household_income__zscore_national"": 0.562915, ""census_acs_poverty_population__latest_value"": 101260.0, ""census_acs_poverty_population__per_capita"": 0.088002, ""census_acs_poverty_population__zscore_national"": -0.506001, ""fema_nri_community_resilience__latest_value"": 62.98, ""fema_nri_community_resilience__rank_national"": 13.0, ""fema_nri_community_resilience__zscore_national"": 1.131088, ""fema_nri_eal_score__latest_value"": 39.81, ""fema_nri_eal_score__rank_national"": 28.0, ""fema_nri_eal_score__zscore_national"": 0.077788, ""fema_nri_risk_score__latest_value"": 42.68, ""fema_nri_risk_score__rank_national"": 27.0, ""fema_nri_risk_score__zscore_national"": 0.133774, ""fema_nri_social_vulnerability__latest_value"": 51.81, ""fema_nri_social_vulnerability__rank_national"": 20.0, ""fema_nri_social_vulnerability__zscore_national"": 0.608228}}"
19153,"Polk, IA",2025-12-01,0.000921,44,1,high,"[{""feature_id"": ""bls_laus_unemployment_rate__rolling_avg_3m"", ""contribution"": 0.2404, ""value"": 6.033333}, {""feature_id"": ""bls_laus_unemployment_rate__latest_value"", ""contribution"": 0.2323, ""value"": 6.0}, {""feature_id"": ""bls_laus_unemployment_rate__rolling_avg_12m"", ""contribution"": 0.2187, ""value"": 5.866667}]","[{""feature_id"": ""fema_nri_social_vulnerability__zscore_national"", ""contribution"": -0.519, ""value"": -1.557206}, {""feature_id"": ""fema_nri_social_vulnerability__latest_value"", ""contribution"": -0.519, ""value"": 13.34}, {""feature_id"": ""fema_nri_social_vulnerability__rank_national"", ""contribution"": -0.4462, ""value"": 63.0}]","{""recipe_id"": ""labour_shock_monitor"", ""event_id"": ""unemployment_spike_2pp_12m"", ""model_version"": ""exp4-logistic_regression"", ""feature_null_share"": 0.0263, ""missing_model_features"": [], ""features_used"": {""bls_laus_labor_force__latest_value"": 620128.0, ""bls_laus_labor_force__pct_change_12m"": 0.0, ""bls_laus_labor_force__zscore_national"": 0.552711, ""bls_laus_unemployed__latest_value"": 37207.0, ""bls_laus_unemployed__pct_change_12m"": 15.384854, ""bls_laus_unemployed__zscore_national"": 0.89538, ""bls_laus_unemployment_rate__change_1m"": 0.4, ""bls_laus_unemployment_rate__change_3m"": 0.5, ""bls_laus_unemployment_rate__latest_value"": 6.0, ""bls_laus_unemployment_rate__missing_indicator"": 0.0, ""bls_laus_unemployment_rate__pct_change_12m"": 15.384615, ""bls_laus_unemployment_rate__rank_national"": 11.0, ""bls_laus_unemployment_rate__rank_state"": 1.0, ""bls_laus_unemployment_rate__rolling_avg_12m"": 5.866667, ""bls_laus_unemployment_rate__rolling_avg_3m"": 6.033333, ""bls_laus_unemployment_rate__zscore_national"": 0.512337, ""bls_laus_unemployment_rate__zscore_state"": null, ""census_acs_median_gross_rent__latest_value"": 1510.0, ""census_acs_median_gross_rent__rank_national"": 26.0, ""census_acs_median_gross_rent__zscore_national"": 0.32023, ""census_acs_median_household_income__latest_value"": 80600.0, ""census_acs_median_household_income__rank_national"": 17.0, ""census_acs_median_household_income__zscore_national"": 0.714607, ""census_acs_poverty_population__latest_value"": 135320.0, ""census_acs_poverty_population__per_capita"": 0.097766, ""census_acs_poverty_population__zscore_national"": -0.201548, ""fema_nri_community_resilience__latest_value"": 40.19, ""fema_nri_community_resilience__rank_national"": 45.0, ""fema_nri_community_resilience__zscore_national"": -0.752156, ""fema_nri_eal_score__latest_value"": 33.5, ""fema_nri_eal_score__rank_national"": 35.0, ""fema_nri_eal_score__zscore_national"": -0.239717, ""fema_nri_risk_score__latest_value"": 37.9, ""fema_nri_risk_score__rank_national"": 33.0, ""fema_nri_risk_score__zscore_national"": -0.107638, ""fema_nri_social_vulnerability__latest_value"": 13.34, ""fema_nri_social_vulnerability__rank_national"": 63.0, ""fema_nri_social_vulnerability__zscore_national"": -1.557206}}"
31055,"Douglas, NE",2025-12-01,0.000825,45,1,high,"[{""feature_id"": ""census_acs_median_household_income__zscore_national"", ""contribution"": 0.2304, ""value"": -0.419475}, {""feature_id"": ""census_acs_median_household_income__latest_value"", ""contribution"": 0.2304, ""value"": 63629.0}, {""feature_id"": ""bls_laus_unemployment_rate__rolling_avg_12m"", ""contribution"": 0.2173, ""value"": 5.858333}]","[{""feature_id"": ""fema_nri_social_vulnerability__zscore_national"", ""contribution"": -0.4123, ""value"": -1.281953}, {""feature_id"": ""fema_nri_social_vulnerability__latest_value"", ""contribution"": -0.4123, ""value"": 18.23}, {""feature_id"": ""fema_nri_social_vulnerability__rank_national"", ""contribution"": -0.3791, ""value"": 59.0}]","{""recipe_id"": ""labour_shock_monitor"", ""event_id"": ""unemployment_spike_2pp_12m"", ""model_version"": ""exp4-logistic_regression"", ""feature_null_share"": 0.0263, ""missing_model_features"": [], ""features_used"": {""bls_laus_labor_force__latest_value"": 244825.0, ""bls_laus_labor_force__pct_change_12m"": 0.0, ""bls_laus_labor_force__zscore_national"": -0.939109, ""bls_laus_unemployed__latest_value"": 14199.0, ""bls_laus_unemployed__pct_change_12m"": 1.748477, ""bls_laus_unemployed__zscore_national"": -0.656641, ""bls_laus_unemployment_rate__change_1m"": -0.1, ""bls_laus_unemployment_rate__change_3m"": -0.3, ""bls_laus_unemployment_rate__latest_value"": 5.8, ""bls_laus_unemployment_rate__missing_indicator"": 0.0, ""bls_laus_unemployment_rate__pct_change_12m"": 1.754386, ""bls_laus_unemployment_rate__rank_national"": 13.0, ""bls_laus_unemployment_rate__rank_state"": 1.0, ""bls_laus_unemployment_rate__rolling_avg_12m"": 5.858333, ""bls_laus_unemployment_rate__rolling_avg_3m"": 5.833333, ""bls_laus_unemployment_rate__zscore_national"": 0.39927, ""bls_laus_unemployment_rate__zscore_state"": null, ""census_acs_median_gross_rent__latest_value"": 1530.0, ""census_acs_median_gross_rent__rank_national"": 23.0, ""census_acs_median_gross_rent__zscore_national"": 0.378854, ""census_acs_median_household_income__latest_value"": 63629.0, ""census_acs_median_household_income__rank_national"": 39.0, ""census_acs_median_household_income__zscore_national"": -0.419475, ""census_acs_poverty_population__latest_value"": 265813.0, ""census_acs_poverty_population__per_capita"": 0.115965, ""census_acs_poverty_population__zscore_national"": 0.964891, ""fema_nri_community_resilience__latest_value"": 67.17, ""fema_nri_community_resilience__rank_national"": 6.0, ""fema_nri_community_resilience__zscore_national"": 1.477328, ""fema_nri_eal_score__latest_value"": 21.58, ""fema_nri_eal_score__rank_national"": 51.0, ""fema_nri_eal_score__zscore_national"": -0.839503, ""fema_nri_risk_score__latest_value"": 24.78, ""fema_nri_risk_score__rank_national"": 51.0, ""fema_nri_risk_score__zscore_national"": -0.770259, ""fema_nri_social_vulnerability__latest_value"": 18.23, ""fema_nri_social_vulnerability__rank_national"": 59.0, ""fema_nri_social_vulnerability__zscore_national"": -1.281953}}"
35013,"Dona Ana, NM",2025-12-01,0.000691,46,1,high,"[{""feature_id"": ""fema_nri_risk_score__rank_national"", ""contribution"": 0.3142, ""value"": 16.0}, {""feature_id"": ""fema_nri_eal_score__rank_national"", ""contribution"": 0.2861, ""value"": 16.0}, {""feature_id"": ""fema_nri_risk_score__latest_value"", ""contribution"": 0.2337, ""value"": 50.86}]","[{""feature_id"": ""fema_nri_social_vulnerability__zscore_national"", ""contribution"": -0.5465, ""value"": -1.62813}, {""feature_id"": ""fema_nri_social_vulnerability__latest_value"", ""contribution"": -0.5465, ""value"": 12.08}, {""feature_id"": ""fema_nri_social_vulnerability__rank_national"", ""contribution"": -0.4629, ""value"": 64.0}]","{""recipe_id"": ""labour_shock_monitor"", ""event_id"": ""unemployment_spike_2pp_12m"", ""model_version"": ""exp4-logistic_regression"", ""feature_null_share"": 0.0263, ""missing_model_features"": [], ""features_used"": {""bls_laus_labor_force__latest_value"": 558517.0, ""bls_laus_labor_force__pct_change_12m"": 0.0, ""bls_laus_labor_force__zscore_national"": 0.307809, ""bls_laus_unemployed__latest_value"": 22899.0, ""bls_laus_unemployed__pct_change_12m"": -12.765714, ""bls_laus_unemployed__zscore_national"": -0.069777, ""bls_laus_unemployment_rate__change_1m"": 0.1, ""bls_laus_unemployment_rate__change_3m"": -0.1, ""bls_laus_unemployment_rate__latest_value"": 4.1, ""bls_laus_unemployment_rate__missing_indicator"": 0.0, ""bls_laus_unemployment_rate__pct_change_12m"": -12.765957, ""bls_laus_unemployment_rate__rank_national"": 42.0, ""bls_laus_unemployment_rate__rank_state"": 1.0, ""bls_laus_unemployment_rate__rolling_avg_12m"": 4.275, ""bls_laus_unemployment_rate__rolling_avg_3m"": 4.1, ""bls_laus_unemployment_rate__zscore_national"": -0.561804, ""bls_laus_unemployment_rate__zscore_state"": null, ""census_acs_median_gross_rent__latest_value"": 2025.0, ""census_acs_median_gross_rent__rank_national"": 3.0, ""census_acs_median_gross_rent__zscore_national"": 1.829783, ""census_acs_median_household_income__latest_value"": 87569.0, ""census_acs_median_household_income__rank_national"": 11.0, ""census_acs_median_household_income__zscore_national"": 1.180308, ""census_acs_poverty_population__latest_value"": 100255.0, ""census_acs_poverty_population__per_capita"": 0.126745, ""census_acs_poverty_population__zscore_national"": -0.514984, ""fema_nri_community_resilience__latest_value"": 30.83, ""fema_nri_community_resilience__rank_national"": 63.0, ""fema_nri_community_resilience__zscore_national"": -1.525617, ""fema_nri_eal_score__latest_value"": 48.28, ""fema_nri_eal_score__rank_national"": 16.0, ""fema_nri_eal_score__zscore_national"": 0.503979, ""fema_nri_risk_score__latest_value"": 50.86, ""fema_nri_risk_score__rank_national"": 16.0, ""fema_nri_risk_score__zscore_national"": 0.546902, ""fema_nri_social_vulnerability__latest_value"": 12.08, ""fema_nri_social_vulnerability__rank_national"": 64.0, ""fema_nri_social_vulnerability__zscore_national"": -1.62813}}"
29189,"St. Louis, MO",2025-12-01,0.000597,47,1,high,"[{""feature_id"": ""census_acs_poverty_population__per_capita"", ""contribution"": 0.4025, ""value"": 0.155429}, {""feature_id"": ""bls_laus_unemployed__pct_change_12m"", ""contribution"": 0.0935, ""value"": 13.637432}, {""feature_id"": ""bls_laus_unemployment_rate__pct_change_12m"", ""contribution"": 0.0929, ""value"": 13.636364}]","[{""feature_id"": ""fema_nri_social_vulnerability__zscore_national"", ""contribution"": -0.3792, ""value"": -1.196394}, {""feature_id"": ""fema_nri_social_vulnerability__latest_value"", ""contribution"": -0.3792, ""value"": 19.75}, {""feature_id"": ""fema_nri_social_vulnerability__rank_national"", ""contribution"": -0.3288, ""value"": 56.0}]","{""recipe_id"": ""labour_shock_monitor"", ""event_id"": ""unemployment_spike_2pp_12m"", ""model_version"": ""exp4-logistic_regression"", ""feature_null_share"": 0.0263, ""missing_model_features"": [], ""features_used"": {""bls_laus_labor_force__latest_value"": 193320.0, ""bls_laus_labor_force__pct_change_12m"": 0.0, ""bls_laus_labor_force__zscore_national"": -1.14384, ""bls_laus_unemployed__latest_value"": 9666.0, ""bls_laus_unemployed__pct_change_12m"": 13.637432, ""bls_laus_unemployed__zscore_national"": -0.962418, ""bls_laus_unemployment_rate__change_1m"": 0.3, ""bls_laus_unemployment_rate__change_3m"": 0.2, ""bls_laus_unemployment_rate__latest_value"": 5.0, ""bls_laus_unemployment_rate__missing_indicator"": 0.0, ""bls_laus_unemployment_rate__pct_change_12m"": 13.636364, ""bls_laus_unemployment_rate__rank_national"": 31.0, ""bls_laus_unemployment_rate__rank_state"": 1.0, ""bls_laus_unemployment_rate__rolling_avg_12m"": 4.716667, ""bls_laus_unemployment_rate__rolling_avg_3m"": 4.8, ""bls_laus_unemployment_rate__zscore_national"": -0.053, ""bls_laus_unemployment_rate__zscore_state"": null, ""census_acs_median_gross_rent__latest_value"": 855.0, ""census_acs_median_gross_rent__rank_national"": 61.0, ""census_acs_median_gross_rent__zscore_national"": -1.599686, ""census_acs_median_household_income__latest_value"": 79968.0, ""census_acs_median_household_income__rank_national"": 19.0, ""census_acs_median_household_income__zscore_national"": 0.672373, ""census_acs_poverty_population__latest_value"": 362176.0, ""census_acs_poverty_population__per_capita"": 0.155429, ""census_acs_poverty_population__zscore_national"": 1.826252, ""fema_nri_community_resilience__latest_value"": 31.1, ""fema_nri_community_resilience__rank_national"": 62.0, ""fema_nri_community_resilience__zscore_national"": -1.503306, ""fema_nri_eal_score__latest_value"": 29.24, ""fema_nri_eal_score__rank_national"": 43.0, ""fema_nri_eal_score__zscore_national"": -0.45407, ""fema_nri_risk_score__latest_value"": 33.54, ""fema_nri_risk_score__rank_national"": 36.0, ""fema_nri_risk_score__zscore_national"": -0.327838, ""fema_nri_social_vulnerability__latest_value"": 19.75, ""fema_nri_social_vulnerability__rank_national"": 56.0, ""fema_nri_social_vulnerability__zscore_national"": -1.196394}}"
22051,"Jefferson, LA",2025-12-01,0.000526,48,4,high,"[{""feature_id"": ""census_acs_poverty_population__per_capita"", ""contribution"": 0.1528, ""value"": 0.138371}, {""feature_id"": ""bls_laus_unemployment_rate__change_3m"", ""contribution"": 0.1055, ""value"": -0.7}, {""feature_id"": ""census_acs_median_household_income__rank_national"", ""contribution"": 0.0938, ""value"": 33.0}]","[{""feature_id"": ""bls_laus_unemployment_rate__rank_state"", ""contribution"": -0.289, ""value"": 5.0}, {""feature_id"": ""fema_nri_social_vulnerability__zscore_national"", ""contribution"": -0.2668, ""value"": -0.906506}, {""feature_id"": ""fema_nri_social_vulnerability__latest_value"", ""contribution"": -0.2668, ""value"": 24.9}]","{""recipe_id"": ""labour_shock_monitor"", ""event_id"": ""unemployment_spike_2pp_12m"", ""model_version"": ""exp4-logistic_regression"", ""feature_null_share"": 0.0, ""missing_model_features"": [], ""features_used"": {""bls_laus_labor_force__latest_value"": 536035.0, ""bls_laus_labor_force__pct_change_12m"": 0.0, ""bls_laus_labor_force__zscore_national"": 0.218444, ""bls_laus_unemployed__latest_value"": 21441.0, ""bls_laus_unemployed__pct_change_12m"": -2.438913, ""bls_laus_unemployed__zscore_national"": -0.168127, ""bls_laus_unemployment_rate__change_1m"": 0.1, ""bls_laus_unemployment_rate__change_3m"": -0.7, ""bls_laus_unemployment_rate__latest_value"": 4.0, ""bls_laus_unemployment_rate__missing_indicator"": 0.0, ""bls_laus_unemployment_rate__pct_change_12m"": -2.439024, ""bls_laus_unemployment_rate__rank_national"": 43.0, ""bls_laus_unemployment_rate__rank_state"": 5.0, ""bls_laus_unemployment_rate__rolling_avg_12m"": 4.283333, ""bls_laus_unemployment_rate__rolling_avg_3m"": 4.0, ""bls_laus_unemployment_rate__zscore_national"": -0.618338, ""bls_laus_unemployment_rate__zscore_state"": -0.891739, ""census_acs_median_gross_rent__latest_value"": 2006.0, ""census_acs_median_gross_rent__rank_national"": 4.0, ""census_acs_median_gross_rent__zscore_national"": 1.774091, ""census_acs_median_household_income__latest_value"": 70469.0, ""census_acs_median_household_income__rank_national"": 33.0, ""census_acs_median_household_income__zscore_national"": 0.037606, ""census_acs_poverty_population__latest_value"": 68172.0, ""census_acs_poverty_population__per_capita"": 0.138371, ""census_acs_poverty_population__zscore_national"": -0.801765, ""fema_nri_community_resilience__latest_value"": 56.04, ""fema_nri_community_resilience__rank_national"": 22.0, ""fema_nri_community_resilience__zscore_national"": 0.557603, ""fema_nri_eal_score__latest_value"": 27.43, ""fema_nri_eal_score__rank_national"": 46.0, ""fema_nri_eal_score__zscore_national"": -0.545145, ""fema_nri_risk_score__latest_value"": 33.32, ""fema_nri_risk_score__rank_national"": 37.0, ""fema_nri_risk_score__zscore_national"": -0.338949, ""fema_nri_social_vulnerability__latest_value"": 24.9, ""fema_nri_social_vulnerability__rank_national"": 49.0, ""fema_nri_social_vulnerability__zscore_national"": -0.906506}}"
56021,"Laramie, WY",2025-12-01,0.000483,49,1,high,"[{""feature_id"": ""bls_laus_unemployment_rate__change_3m"", ""contribution"": 0.1489, ""value"": -1.0}, {""feature_id"": ""bls_laus_unemployment_rate__rolling_avg_12m"", ""contribution"": 0.0961, ""value"": 5.15}, {""feature_id"": ""bls_laus_unemployment_rate__rolling_avg_3m"", ""contribution"": 0.0845, ""value"": 5.1}]","[{""feature_id"": ""fema_nri_social_vulnerability__zscore_national"", ""contribution"": -0.222, ""value"": -0.791114}, {""feature_id"": ""fema_nri_social_vulnerability__latest_value"", ""contribution"": -0.222, ""value"": 26.95}, {""feature_id"": ""fema_nri_eal_score__rank_national"", ""contribution"": -0.2183, ""value"": 47.0}]","{""recipe_id"": ""labour_shock_monitor"", ""event_id"": ""unemployment_spike_2pp_12m"", ""model_version"": ""exp4-logistic_regression"", ""feature_null_share"": 0.0263, ""missing_model_features"": [], ""features_used"": {""bls_laus_labor_force__latest_value"": 657321.0, ""bls_laus_labor_force__pct_change_12m"": 0.0, ""bls_laus_labor_force__zscore_national"": 0.700553, ""bls_laus_unemployed__latest_value"": 32208.0, ""bls_laus_unemployed__pct_change_12m"": -5.769456, ""bls_laus_unemployed__zscore_national"": 0.558169, ""bls_laus_unemployment_rate__change_1m"": 0.0, ""bls_laus_unemployment_rate__change_3m"": -1.0, ""bls_laus_unemployment_rate__latest_value"": 4.9, ""bls_laus_unemployment_rate__missing_indicator"": 0.0, ""bls_laus_unemployment_rate__pct_change_12m"": -5.769231, ""bls_laus_unemployment_rate__rank_national"": 32.0, ""bls_laus_unemployment_rate__rank_state"": 1.0, ""bls_laus_unemployment_rate__rolling_avg_12m"": 5.15, ""bls_laus_unemployment_rate__rolling_avg_3m"": 5.1, ""bls_laus_unemployment_rate__zscore_national"": -0.109534, ""bls_laus_unemployment_rate__zscore_state"": null, ""census_acs_median_gross_rent__latest_value"": 1213.0, ""census_acs_median_gross_rent__rank_national"": 43.0, ""census_acs_median_gross_rent__zscore_national"": -0.550327, ""census_acs_median_household_income__latest_value"": 80712.0, ""census_acs_median_household_income__rank_national"": 16.0, ""census_acs_median_household_income__zscore_national"": 0.722091, ""census_acs_poverty_population__latest_value"": 40017.0, ""census_acs_poverty_population__per_capita"": 0.119415, ""census_acs_poverty_population__zscore_national"": -1.053434, ""fema_nri_community_resilience__latest_value"": 34.32, ""fema_nri_community_resilience__rank_national"": 57.0, ""fema_nri_community_resilience__zscore_national"": -1.237222, ""fema_nri_eal_score__latest_value"": 26.14, ""fema_nri_eal_score__rank_national"": 47.0, ""fema_nri_eal_score__zscore_national"": -0.610055, ""fema_nri_risk_score__latest_value"": 32.64, ""fema_nri_risk_score__rank_national"": 41.0, ""fema_nri_risk_score__zscore_national"": -0.373292, ""fema_nri_social_vulnerability__latest_value"": 26.95, ""fema_nri_social_vulnerability__rank_national"": 46.0, ""fema_nri_social_vulnerability__zscore_national"": -0.791114}}"
45079,"Richland, SC",2025-12-01,0.000383,50,1,high,"[{""feature_id"": ""census_acs_median_household_income__zscore_national"", ""contribution"": 0.2931, ""value"": -0.612064}, {""feature_id"": ""census_acs_median_household_income__latest_value"", ""contribution"": 0.2931, ""value"": 60747.0}, {""feature_id"": ""census_acs_median_household_income__rank_national"", ""contribution"": 0.2398, ""value"": 42.0}]","[{""feature_id"": ""fema_nri_risk_score__rank_national"", ""contribution"": -0.4274, ""value"": 57.0}, {""feature_id"": ""fema_nri_risk_score__zscore_national"", ""contribution"": -0.4147, ""value"": -1.118741}, {""feature_id"": ""fema_nri_risk_score__latest_value"", ""contribution"": -0.4147, ""value"": 17.88}]","{""recipe_id"": ""labour_shock_monitor"", ""event_id"": ""unemployment_spike_2pp_12m"", ""model_version"": ""exp4-logistic_regression"", ""feature_null_share"": 0.0263, ""missing_model_features"": [], ""features_used"": {""bls_laus_labor_force__latest_value"": 139815.0, ""bls_laus_labor_force__pct_change_12m"": 0.0, ""bls_laus_labor_force__zscore_national"": -1.356522, ""bls_laus_unemployed__latest_value"": 6012.0, ""bls_laus_unemployed__pct_change_12m"": -10.415735, ""bls_laus_unemployed__zscore_national"": -1.208901, ""bls_laus_unemployment_rate__change_1m"": -0.6, ""bls_laus_unemployment_rate__change_3m"": -0.6, ""bls_laus_unemployment_rate__latest_value"": 4.3, ""bls_laus_unemployment_rate__missing_indicator"": 0.0, ""bls_laus_unemployment_rate__pct_change_12m"": -10.416667, ""bls_laus_unemployment_rate__rank_national"": 37.0, ""bls_laus_unemployment_rate__rank_state"": 1.0, ""bls_laus_unemployment_rate__rolling_avg_12m"": 4.833333, ""bls_laus_unemployment_rate__rolling_avg_3m"": 4.7, ""bls_laus_unemployment_rate__zscore_national"": -0.448737, ""bls_laus_unemployment_rate__zscore_state"": null, ""census_acs_median_gross_rent__latest_value"": 2073.0, ""census_acs_median_gross_rent__rank_national"": 2.0, ""census_acs_median_gross_rent__zscore_national"": 1.970479, ""census_acs_median_household_income__latest_value"": 60747.0, ""census_acs_median_household_income__rank_national"": 42.0, ""census_acs_median_household_income__zscore_national"": -0.612064, ""census_acs_poverty_population__latest_value"": 332821.0, ""census_acs_poverty_population__per_capita"": 0.133376, ""census_acs_poverty_population__zscore_national"": 1.563856, ""fema_nri_community_resilience__latest_value"": 43.25, ""fema_nri_community_resilience__rank_national"": 40.0, ""fema_nri_community_resilience__zscore_national"": -0.499294, ""fema_nri_eal_score__latest_value"": 17.83, ""fema_nri_eal_score__rank_national"": 57.0, ""fema_nri_eal_score__zscore_national"": -1.028195, ""fema_nri_risk_score__latest_value"": 17.88, ""fema_nri_risk_score__rank_national"": 57.0, ""fema_nri_risk_score__zscore_national"": -1.118741, ""fema_nri_social_vulnerability__latest_value"": 28.53, ""fema_nri_social_vulnerability__rank_national"": 44.0, ""fema_nri_social_vulnerability__zscore_national"": -0.702178}}"
47157,"Shelby, TN",2025-12-01,0.000352,51,1,high,"[{""feature_id"": ""census_acs_poverty_population__per_capita"", ""contribution"": 0.1578, ""value"": 0.13871}, {""feature_id"": ""fema_nri_social_vulnerability__latest_value"", ""contribution"": 0.0762, ""value"": 40.62}, {""feature_id"": ""fema_nri_social_vulnerability__zscore_national"", ""contribution"": 0.0762, ""value"": -0.021645}]","[{""feature_id"": ""fema_nri_risk_score__rank_national"", ""contribution"": -0.3912, ""value"": 55.0}, {""feature_id"": ""fema_nri_risk_score__zscore_national"", ""contribution"": -0.3742, ""value"": -1.014701}, {""feature_id"": ""fema_nri_risk_score__latest_value"", ""contribution"": -0.3742, ""value"": 19.94}]","{""recipe_id"": ""labour_shock_monitor"", ""event_id"": ""unemployment_spike_2pp_12m"", ""model_version"": ""exp4-logistic_regression"", ""feature_null_share"": 0.0263, ""missing_model_features"": [], ""features_used"": {""bls_laus_labor_force__latest_value"": 675762.0, ""bls_laus_labor_force__pct_change_12m"": 0.0, ""bls_laus_labor_force__zscore_national"": 0.773855, ""bls_laus_unemployed__latest_value"": 31085.0, ""bls_laus_unemployed__pct_change_12m"": 6.979385, ""bls_laus_unemployed__zscore_national"": 0.482416, ""bls_laus_unemployment_rate__change_1m"": 0.5, ""bls_laus_unemployment_rate__change_3m"": -0.1, ""bls_laus_unemployment_rate__latest_value"": 4.6, ""bls_laus_unemployment_rate__missing_indicator"": 0.0, ""bls_laus_unemployment_rate__pct_change_12m"": 6.976744, ""bls_laus_unemployment_rate__rank_national"": 35.0, ""bls_laus_unemployment_rate__rank_state"": 1.0, ""bls_laus_unemployment_rate__rolling_avg_12m"": 4.366667, ""bls_laus_unemployment_rate__rolling_avg_3m"": 4.433333, ""bls_laus_unemployment_rate__zscore_national"": -0.279135, ""bls_laus_unemployment_rate__zscore_state"": null, ""census_acs_median_gross_rent__latest_value"": 2076.0, ""census_acs_median_gross_rent__rank_national"": 1.0, ""census_acs_median_gross_rent__zscore_national"": 1.979272, ""census_acs_median_household_income__latest_value"": 88961.0, ""census_acs_median_household_income__rank_national"": 9.0, ""census_acs_median_household_income__zscore_national"": 1.273328, ""census_acs_poverty_population__latest_value"": 219129.0, ""census_acs_poverty_population__per_capita"": 0.13871, ""census_acs_poverty_population__zscore_national"": 0.547596, ""fema_nri_community_resilience__latest_value"": 69.93, ""fema_nri_community_resilience__rank_national"": 1.0, ""fema_nri_community_resilience__zscore_national"": 1.705399, ""fema_nri_eal_score__latest_value"": 19.94, ""fema_nri_eal_score__rank_national"": 52.0, ""fema_nri_eal_score__zscore_national"": -0.922024, ""fema_nri_risk_score__latest_value"": 19.94, ""fema_nri_risk_score__rank_national"": 55.0, ""fema_nri_risk_score__zscore_national"": -1.014701, ""fema_nri_social_vulnerability__latest_value"": 40.62, ""fema_nri_social_vulnerability__rank_national"": 34.0, ""fema_nri_social_vulnerability__zscore_national"": -0.021645}}"
17031,"Cook, IL",2025-12-01,0.000352,52,1,high,"[{""feature_id"": ""fema_nri_social_vulnerability__latest_value"", ""contribution"": 0.387, ""value"": 54.86}, {""feature_id"": ""fema_nri_social_vulnerability__zscore_national"", ""contribution"": 0.387, ""value"": 0.779909}, {""feature_id"": ""fema_nri_social_vulnerability__rank_national"", ""contribution"": 0.3757, ""value"": 14.0}]","[{""feature_id"": ""fema_nri_risk_score__zscore_national"", ""contribution"": -0.5845, ""value"": -1.555101}, {""feature_id"": ""fema_nri_risk_score__latest_value"", ""contribution"": -0.5845, ""value"": 9.24}, {""feature_id"": ""fema_nri_risk_score__rank_national"", ""contribution"": -0.554, ""value"": 64.0}]","{""recipe_id"": ""labour_shock_monitor"", ""event_id"": ""unemployment_spike_2pp_12m"", ""model_version"": ""exp4-logistic_regression"", ""feature_null_share"": 0.0263, ""missing_model_features"": [], ""features_used"": {""bls_laus_labor_force__latest_value"": 414419.0, ""bls_laus_labor_force__pct_change_12m"": 0.0, ""bls_laus_labor_force__zscore_national"": -0.264977, ""bls_laus_unemployed__latest_value"": 21135.0, ""bls_laus_unemployed__pct_change_12m"": -10.524533, ""bls_laus_unemployed__zscore_national"": -0.188769, ""bls_laus_unemployment_rate__change_1m"": 0.0, ""bls_laus_unemployment_rate__change_3m"": 0.2, ""bls_laus_unemployment_rate__latest_value"": 5.1, ""bls_laus_unemployment_rate__missing_indicator"": 0.0, ""bls_laus_unemployment_rate__pct_change_12m"": -10.526316, ""bls_laus_unemployment_rate__rank_national"": 27.0, ""bls_laus_unemployment_rate__rank_state"": 1.0, ""bls_laus_unemployment_rate__rolling_avg_12m"": 5.35, ""bls_laus_unemployment_rate__rolling_avg_3m"": 5.166667, ""bls_laus_unemployment_rate__zscore_national"": 0.003533, ""bls_laus_unemployment_rate__zscore_state"": null, ""census_acs_median_gross_rent__latest_value"": 1370.0, ""census_acs_median_gross_rent__rank_national"": 37.0, ""census_acs_median_gross_rent__zscore_national"": -0.090133, ""census_acs_median_household_income__latest_value"": 72734.0, ""census_acs_median_household_income__rank_national"": 31.0, ""census_acs_median_household_income__zscore_national"": 0.188964, ""census_acs_poverty_population__latest_value"": 166063.0, ""census_acs_poverty_population__per_capita"": 0.104343, ""census_acs_poverty_population__zscore_national"": 0.073255, ""fema_nri_community_resilience__latest_value"": 34.07, ""fema_nri_community_resilience__rank_national"": 58.0, ""fema_nri_community_resilience__zscore_national"": -1.257881, ""fema_nri_eal_score__latest_value"": 9.77, ""fema_nri_eal_score__rank_national"": 64.0, ""fema_nri_eal_score__zscore_national"": -1.433755, ""fema_nri_risk_score__latest_value"": 9.24, ""fema_nri_risk_score__rank_national"": 64.0, ""fema_nri_risk_score__zscore_national"": -1.555101, ""fema_nri_social_vulnerability__latest_value"": 54.86, ""fema_nri_social_vulnerability__rank_national"": 14.0, ""fema_nri_social_vulnerability__zscore_national"": 0.779909}}"
49035,"Salt Lake, UT",2025-12-01,0.000337,53,1,high,"[{""feature_id"": ""fema_nri_social_vulnerability__latest_value"", ""contribution"": 0.3075, ""value"": 51.22}, {""feature_id"": ""fema_nri_social_vulnerability__zscore_national"", ""contribution"": 0.3075, ""value"": 0.575018}, {""feature_id"": ""fema_nri_social_vulnerability__rank_national"", ""contribution"": 0.2415, ""value"": 22.0}]","[{""feature_id"": ""census_acs_median_household_income__zscore_national"", ""contribution"": -0.4132, ""value"": 1.557934}, {""feature_id"": ""census_acs_median_household_income__latest_value"", ""contribution"": -0.4132, ""value"": 93220.0}, {""feature_id"": ""census_acs_median_household_income__rank_national"", ""contribution"": -0.3765, ""value"": 4.0}]","{""recipe_id"": ""labour_shock_monitor"", ""event_id"": ""unemployment_spike_2pp_12m"", ""model_version"": ""exp4-logistic_regression"", ""feature_null_share"": 0.0263, ""missing_model_features"": [], ""features_used"": {""bls_laus_labor_force__latest_value"": 280210.0, ""bls_laus_labor_force__pct_change_12m"": 0.0, ""bls_laus_labor_force__zscore_national"": -0.798455, ""bls_laus_unemployed__latest_value"": 9807.0, ""bls_laus_unemployed__pct_change_12m"": 2.939015, ""bls_laus_unemployed__zscore_national"": -0.952907, ""bls_laus_unemployment_rate__change_1m"": 0.1, ""bls_laus_unemployment_rate__change_3m"": -0.1, ""bls_laus_unemployment_rate__latest_value"": 3.5, ""bls_laus_unemployment_rate__missing_indicator"": 0.0, ""bls_laus_unemployment_rate__pct_change_12m"": 2.941176, ""bls_laus_unemployment_rate__rank_national"": 55.0, ""bls_laus_unemployment_rate__rank_state"": 1.0, ""bls_laus_unemployment_rate__rolling_avg_12m"": 3.683333, ""bls_laus_unemployment_rate__rolling_avg_3m"": 3.666667, ""bls_laus_unemployment_rate__zscore_national"": -0.901006, ""bls_laus_unemployment_rate__zscore_state"": null, ""census_acs_median_gross_rent__latest_value"": 1970.0, ""census_acs_median_gross_rent__rank_national"": 5.0, ""census_acs_median_gross_rent__zscore_national"": 1.668568, ""census_acs_median_household_income__latest_value"": 93220.0, ""census_acs_median_household_income__rank_national"": 4.0, ""census_acs_median_household_income__zscore_national"": 1.557934, ""census_acs_poverty_population__latest_value"": 196078.0, ""census_acs_poverty_population__per_capita"": 0.108573, ""census_acs_poverty_population__zscore_national"": 0.34155, ""fema_nri_community_resilience__latest_value"": 55.95, ""fema_nri_community_resilience__rank_national"": 23.0, ""fema_nri_community_resilience__zscore_national"": 0.550166, ""fema_nri_eal_score__latest_value"": 30.75, ""fema_nri_eal_score__rank_national"": 42.0, ""fema_nri_eal_score__zscore_national"": -0.37809, ""fema_nri_risk_score__latest_value"": 31.53, ""fema_nri_risk_score__rank_national"": 44.0, ""fema_nri_risk_score__zscore_national"": -0.429352, ""fema_nri_social_vulnerability__latest_value"": 51.22, ""fema_nri_social_vulnerability__rank_national"": 22.0, ""fema_nri_social_vulnerability__zscore_national"": 0.575018}}"
18097,"Marion, IN",2025-12-01,0.000277,54,1,high,"[{""feature_id"": ""fema_nri_social_vulnerability__latest_value"", ""contribution"": 0.3065, ""value"": 51.17}, {""feature_id"": ""fema_nri_social_vulnerability__zscore_national"", ""contribution"": 0.3065, ""value"": 0.572203}, {""feature_id"": ""census_acs_median_household_income__zscore_national"", ""contribution"": 0.3005, ""value"": -0.634584}]","[{""feature_id"": ""fema_nri_risk_score__zscore_national"", ""contribution"": -0.4918, ""value"": -1.316719}, {""feature_id"": ""fema_nri_risk_score__latest_value"", ""contribution"": -0.4918, ""value"": 13.96}, {""feature_id"": ""fema_nri_eal_score__latest_value"", ""contribution"": -0.469, ""value"": 12.16}]","{""recipe_id"": ""labour_shock_monitor"", ""event_id"": ""unemployment_spike_2pp_12m"", ""model_version"": ""exp4-logistic_regression"", ""feature_null_share"": 0.0263, ""missing_model_features"": [], ""features_used"": {""bls_laus_labor_force__latest_value"": 612598.0, ""bls_laus_labor_force__pct_change_12m"": 0.0, ""bls_laus_labor_force__zscore_national"": 0.52278, ""bls_laus_unemployed__latest_value"": 22053.0, ""bls_laus_unemployed__pct_change_12m"": 16.129542, ""bls_laus_unemployed__zscore_national"": -0.126844, ""bls_laus_unemployment_rate__change_1m"": 0.2, ""bls_laus_unemployment_rate__change_3m"": 0.8, ""bls_laus_unemployment_rate__latest_value"": 3.6, ""bls_laus_unemployment_rate__missing_indicator"": 0.0, ""bls_laus_unemployment_rate__pct_change_12m"": 16.129032, ""bls_laus_unemployment_rate__rank_national"": 51.0, ""bls_laus_unemployment_rate__rank_state"": 1.0, ""bls_laus_unemployment_rate__rolling_avg_12m"": 2.908333, ""bls_laus_unemployment_rate__rolling_avg_3m"": 3.166667, ""bls_laus_unemployment_rate__zscore_national"": -0.844473, ""bls_laus_unemployment_rate__zscore_state"": null, ""census_acs_median_gross_rent__latest_value"": 1494.0, ""census_acs_median_gross_rent__rank_national"": 28.0, ""census_acs_median_gross_rent__zscore_national"": 0.273332, ""census_acs_median_household_income__latest_value"": 60410.0, ""census_acs_median_household_income__rank_national"": 43.0, ""census_acs_median_household_income__zscore_national"": -0.634584, ""census_acs_poverty_population__latest_value"": 27144.0, ""census_acs_poverty_population__per_capita"": 0.097643, ""census_acs_poverty_population__zscore_national"": -1.168502, ""fema_nri_community_resilience__latest_value"": 45.49, ""fema_nri_community_resilience__rank_national"": 37.0, ""fema_nri_community_resilience__zscore_national"": -0.314193, ""fema_nri_eal_score__latest_value"": 12.16, ""fema_nri_eal_score__rank_national"": 60.0, ""fema_nri_eal_score__zscore_national"": -1.313496, ""fema_nri_risk_score__latest_value"": 13.96, ""fema_nri_risk_score__rank_national"": 58.0, ""fema_nri_risk_score__zscore_national"": -1.316719, ""fema_nri_social_vulnerability__latest_value"": 51.17, ""fema_nri_social_vulnerability__rank_national"": 23.0, ""fema_nri_social_vulnerability__zscore_national"": 0.572203}}"
44007,"Providence, RI",2025-12-01,0.000247,55,1,high,"[{""feature_id"": ""census_acs_median_household_income__zscore_national"", ""contribution"": 0.3547, ""value"": -0.801178}, {""feature_id"": ""census_acs_median_household_income__latest_value"", ""contribution"": 0.3547, ""value"": 57917.0}, {""feature_id"": ""census_acs_median_household_income__rank_national"", ""contribution"": 0.3371, ""value"": 48.0}]","[{""feature_id"": ""census_acs_poverty_population__per_capita"", ""contribution"": -0.6861, ""value"": 0.081064}, {""feature_id"": ""bls_laus_unemployment_rate__rolling_avg_12m"", ""contribution"": -0.2959, ""value"": 2.858333}, {""feature_id"": ""bls_laus_unemployment_rate__latest_value"", ""contribution"": -0.2853, ""value"": 2.9}]","{""recipe_id"": ""labour_shock_monitor"", ""event_id"": ""unemployment_spike_2pp_12m"", ""model_version"": ""exp4-logistic_regression"", ""feature_null_share"": 0.0263, ""missing_model_features"": [], ""features_used"": {""bls_laus_labor_force__latest_value"": 438320.0, ""bls_laus_labor_force__pct_change_12m"": 0.0, ""bls_laus_labor_force__zscore_national"": -0.169971, ""bls_laus_unemployed__latest_value"": 12711.0, ""bls_laus_unemployed__pct_change_12m"": -3.331052, ""bls_laus_unemployed__zscore_national"": -0.757015, ""bls_laus_unemployment_rate__change_1m"": 0.4, ""bls_laus_unemployment_rate__change_3m"": 0.1, ""bls_laus_unemployment_rate__latest_value"": 2.9, ""bls_laus_unemployment_rate__missing_indicator"": 0.0, ""bls_laus_unemployment_rate__pct_change_12m"": -3.333333, ""bls_laus_unemployment_rate__rank_national"": 62.0, ""bls_laus_unemployment_rate__rank_state"": 1.0, ""bls_laus_unemployment_rate__rolling_avg_12m"": 2.858333, ""bls_laus_unemployment_rate__rolling_avg_3m"": 2.966667, ""bls_laus_unemployment_rate__zscore_national"": -1.240209, ""bls_laus_unemployment_rate__zscore_state"": null, ""census_acs_median_gross_rent__latest_value"": 938.0, ""census_acs_median_gross_rent__rank_national"": 59.0, ""census_acs_median_gross_rent__zscore_national"": -1.356399, ""census_acs_median_household_income__latest_value"": 57917.0, ""census_acs_median_household_income__rank_national"": 48.0, ""census_acs_median_household_income__zscore_national"": -0.801178, ""census_acs_poverty_population__latest_value"": 157289.0, ""census_acs_poverty_population__per_capita"": 0.081064, ""census_acs_poverty_population__zscore_national"": -0.005174, ""fema_nri_community_resilience__latest_value"": 50.97, ""fema_nri_community_resilience__rank_national"": 27.0, ""fema_nri_community_resilience__zscore_national"": 0.138646, ""fema_nri_eal_score__latest_value"": 28.5, ""fema_nri_eal_score__rank_national"": 44.0, ""fema_nri_eal_score__zscore_national"": -0.491305, ""fema_nri_risk_score__latest_value"": 30.31, ""fema_nri_risk_score__rank_national"": 47.0, ""fema_nri_risk_score__zscore_national"": -0.490968, ""fema_nri_social_vulnerability__latest_value"": 30.33, ""fema_nri_social_vulnerability__rank_national"": 42.0, ""fema_nri_social_vulnerability__zscore_national"": -0.600858}}"
33011,"Hillsborough, NH",2025-12-01,0.00023,56,1,high,"[{""feature_id"": ""bls_laus_unemployed__latest_value"", ""contribution"": 0.1184, ""value"": 37595.0}, {""feature_id"": ""bls_laus_unemployed__pct_change_12m"", ""contribution"": 0.0913, ""value"": 13.333534}, {""feature_id"": ""bls_laus_unemployment_rate__pct_change_12m"", ""contribution"": 0.0907, ""value"": 13.333333}]","[{""feature_id"": ""census_acs_poverty_population__per_capita"", ""contribution"": -0.5949, ""value"": 0.087292}, {""feature_id"": ""fema_nri_eal_score__rank_national"", ""contribution"": -0.3647, ""value"": 56.0}, {""feature_id"": ""fema_nri_eal_score__latest_value"", ""contribution"": -0.36, ""value"": 17.88}]","{""recipe_id"": ""labour_shock_monitor"", ""event_id"": ""unemployment_spike_2pp_12m"", ""model_version"": ""exp4-logistic_regression"", ""feature_null_share"": 0.0263, ""missing_model_features"": [], ""features_used"": {""bls_laus_labor_force__latest_value"": 737168.0, ""bls_laus_labor_force__pct_change_12m"": 0.0, ""bls_laus_labor_force__zscore_national"": 1.017943, ""bls_laus_unemployed__latest_value"": 37595.0, ""bls_laus_unemployed__pct_change_12m"": 13.333534, ""bls_laus_unemployed__zscore_national"": 0.921553, ""bls_laus_unemployment_rate__change_1m"": 0.0, ""bls_laus_unemployment_rate__change_3m"": 0.2, ""bls_laus_unemployment_rate__latest_value"": 5.1, ""bls_laus_unemployment_rate__missing_indicator"": 0.0, ""bls_laus_unemployment_rate__pct_change_12m"": 13.333333, ""bls_laus_unemployment_rate__rank_national"": 27.0, ""bls_laus_unemployment_rate__rank_state"": 1.0, ""bls_laus_unemployment_rate__rolling_avg_12m"": 5.0, ""bls_laus_unemployment_rate__rolling_avg_3m"": 5.033333, ""bls_laus_unemployment_rate__zscore_national"": 0.003533, ""bls_laus_unemployment_rate__zscore_state"": null, ""census_acs_median_gross_rent__latest_value"": 1052.0, ""census_acs_median_gross_rent__rank_national"": 53.0, ""census_acs_median_gross_rent__zscore_national"": -1.022245, ""census_acs_median_household_income__latest_value"": 84949.0, ""census_acs_median_household_income__rank_national"": 12.0, ""census_acs_median_household_income__zscore_national"": 1.005227, ""census_acs_poverty_population__latest_value"": 197702.0, ""census_acs_poverty_population__per_capita"": 0.087292, ""census_acs_poverty_population__zscore_national"": 0.356067, ""fema_nri_community_resilience__latest_value"": 46.95, ""fema_nri_community_resilience__rank_national"": 34.0, ""fema_nri_community_resilience__zscore_national"": -0.193546, ""fema_nri_eal_score__latest_value"": 17.88, ""fema_nri_eal_score__rank_national"": 56.0, ""fema_nri_eal_score__zscore_national"": -1.025679, ""fema_nri_risk_score__latest_value"": 21.44, ""fema_nri_risk_score__rank_national"": 52.0, ""fema_nri_risk_score__zscore_national"": -0.938944, ""fema_nri_social_vulnerability__latest_value"": 37.53, ""fema_nri_social_vulnerability__rank_national"": 38.0, ""fema_nri_social_vulnerability__zscore_national"": -0.195578}}"
11001,"District of Columbia, DC",2025-12-01,0.000191,57,1,high,"[{""feature_id"": ""bls_laus_unemployment_rate__rolling_avg_12m"", ""contribution"": 0.1588, ""value"": 5.516667}, {""feature_id"": ""bls_laus_unemployment_rate__rolling_avg_3m"", ""contribution"": 0.1569, ""value"": 5.533333}, {""feature_id"": ""bls_laus_unemployment_rate__latest_value"", ""contribution"": 0.1489, ""value"": 5.5}]","[{""feature_id"": ""fema_nri_risk_score__zscore_national"", ""contribution"": -0.5649, ""value"": -1.504596}, {""feature_id"": ""fema_nri_risk_score__latest_value"", ""contribution"": -0.5649, ""value"": 10.24}, {""feature_id"": ""fema_nri_risk_score__rank_national"", ""contribution"": -0.5178, ""value"": 62.0}]","{""recipe_id"": ""labour_shock_monitor"", ""event_id"": ""unemployment_spike_2pp_12m"", ""model_version"": ""exp4-logistic_regression"", ""feature_null_share"": 0.0263, ""missing_model_features"": [], ""features_used"": {""bls_laus_labor_force__latest_value"": 634545.0, ""bls_laus_labor_force__pct_change_12m"": 0.0, ""bls_laus_labor_force__zscore_national"": 0.610019, ""bls_laus_unemployed__latest_value"": 34899.0, ""bls_laus_unemployed__pct_change_12m"": -8.334209, ""bls_laus_unemployed__zscore_national"": 0.739692, ""bls_laus_unemployment_rate__change_1m"": 0.2, ""bls_laus_unemployment_rate__change_3m"": -0.2, ""bls_laus_unemployment_rate__latest_value"": 5.5, ""bls_laus_unemployment_rate__missing_indicator"": 0.0, ""bls_laus_unemployment_rate__pct_change_12m"": -8.333333, ""bls_laus_unemployment_rate__rank_national"": 18.0, ""bls_laus_unemployment_rate__rank_state"": 1.0, ""bls_laus_unemployment_rate__rolling_avg_12m"": 5.516667, ""bls_laus_unemployment_rate__rolling_avg_3m"": 5.533333, ""bls_laus_unemployment_rate__zscore_national"": 0.229668, ""bls_laus_unemployment_rate__zscore_state"": null, ""census_acs_median_gross_rent__latest_value"": 1031.0, ""census_acs_median_gross_rent__rank_national"": 55.0, ""census_acs_median_gross_rent__zscore_national"": -1.0838, ""census_acs_median_household_income__latest_value"": 80019.0, ""census_acs_median_household_income__rank_national"": 18.0, ""census_acs_median_household_income__zscore_national"": 0.675782, ""census_acs_poverty_population__latest_value"": 69478.0, ""census_acs_poverty_population__per_capita"": 0.130211, ""census_acs_poverty_population__zscore_national"": -0.790091, ""fema_nri_community_resilience__latest_value"": 36.19, ""fema_nri_community_resilience__rank_national"": 54.0, ""fema_nri_community_resilience__zscore_national"": -1.082695, ""fema_nri_eal_score__latest_value"": 11.02, ""fema_nri_eal_score__rank_national"": 61.0, ""fema_nri_eal_score__zscore_national"": -1.370858, ""fema_nri_risk_score__latest_value"": 10.24, ""fema_nri_risk_score__rank_national"": 62.0, ""fema_nri_risk_score__zscore_national"": -1.504596, ""fema_nri_social_vulnerability__latest_value"": 37.85, ""fema_nri_social_vulnerability__rank_national"": 37.0, ""fema_nri_social_vulnerability__zscore_national"": -0.177565}}"
36061,"New York, NY",2025-12-01,0.000164,58,2,high,"[{""feature_id"": ""fema_nri_social_vulnerability__latest_value"", ""contribution"": 0.1574, ""value"": 44.34}, {""feature_id"": ""fema_nri_social_vulnerability__zscore_national"", ""contribution"": 0.1574, ""value"": 0.18775}, {""feature_id"": ""fema_nri_social_vulnerability__rank_national"", ""contribution"": 0.0906, ""value"": 31.0}]","[{""feature_id"": ""census_acs_poverty_population__per_capita"", ""contribution"": -0.6257, ""value"": 0.085194}, {""feature_id"": ""fema_nri_risk_score__rank_national"", ""contribution"": -0.355, ""value"": 53.0}, {""feature_id"": ""fema_nri_risk_score__zscore_national"", ""contribution"": -0.3536, ""value"": -0.961671}]","{""recipe_id"": ""labour_shock_monitor"", ""event_id"": ""unemployment_spike_2pp_12m"", ""model_version"": ""exp4-logistic_regression"", ""feature_null_share"": 0.0, ""missing_model_features"": [], ""features_used"": {""bls_laus_labor_force__latest_value"": 600004.0, ""bls_laus_labor_force__pct_change_12m"": 0.0, ""bls_laus_labor_force__zscore_national"": 0.472719, ""bls_laus_unemployed__latest_value"": 25200.0, ""bls_laus_unemployed__pct_change_12m"": -10.638298, ""bls_laus_unemployed__zscore_national"": 0.085439, ""bls_laus_unemployment_rate__change_1m"": 0.0, ""bls_laus_unemployment_rate__change_3m"": 0.1, ""bls_laus_unemployment_rate__latest_value"": 4.2, ""bls_laus_unemployment_rate__missing_indicator"": 0.0, ""bls_laus_unemployment_rate__pct_change_12m"": -10.638298, ""bls_laus_unemployment_rate__rank_national"": 40.0, ""bls_laus_unemployment_rate__rank_state"": 2.0, ""bls_laus_unemployment_rate__rolling_avg_12m"": 4.416667, ""bls_laus_unemployment_rate__rolling_avg_3m"": 4.133333, ""bls_laus_unemployment_rate__zscore_national"": -0.50527, ""bls_laus_unemployment_rate__zscore_state"": -0.707107, ""census_acs_median_gross_rent__latest_value"": 954.0, ""census_acs_median_gross_rent__rank_national"": 58.0, ""census_acs_median_gross_rent__zscore_national"": -1.3095, ""census_acs_median_household_income__latest_value"": 77249.0, ""census_acs_median_household_income__rank_national"": 26.0, ""census_acs_median_household_income__zscore_national"": 0.490677, ""census_acs_poverty_population__latest_value"": 119781.0, ""census_acs_poverty_population__per_capita"": 0.085194, ""census_acs_poverty_population__zscore_national"": -0.340447, ""fema_nri_community_resilience__latest_value"": 41.87, ""fema_nri_community_resilience__rank_national"": 44.0, ""fema_nri_community_resilience__zscore_national"": -0.61333, ""fema_nri_eal_score__latest_value"": 19.43, ""fema_nri_eal_score__rank_national"": 53.0, ""fema_nri_eal_score__zscore_national"": -0.947686, ""fema_nri_risk_score__latest_value"": 20.99, ""fema_nri_risk_score__rank_national"": 53.0, ""fema_nri_risk_score__zscore_national"": -0.961671, ""fema_nri_social_vulnerability__latest_value"": 44.34, ""fema_nri_social_vulnerability__rank_national"": 31.0, ""fema_nri_social_vulnerability__zscore_national"": 0.18775}}"
22033,"East Baton Rouge, LA",2025-12-01,9.1e-05,59,5,high,"[{""feature_id"": ""bls_laus_unemployment_rate__latest_value"", ""contribution"": 0.1656, ""value"": 5.6}, {""feature_id"": ""bls_laus_unemployed__pct_change_12m"", ""contribution"": 0.1332, ""value"": 19.158741}, {""feature_id"": ""bls_laus_unemployment_rate__pct_change_12m"", ""contribution"": 0.1322, ""value"": 19.148936}]","[{""feature_id"": ""census_acs_median_household_income__zscore_national"", ""contribution"": -0.4219, ""value"": 1.584597}, {""feature_id"": ""census_acs_median_household_income__latest_value"", ""contribution"": -0.4219, ""value"": 93619.0}, {""feature_id"": ""census_acs_median_household_income__rank_national"", ""contribution"": -0.3927, ""value"": 3.0}]","{""recipe_id"": ""labour_shock_monitor"", ""event_id"": ""unemployment_spike_2pp_12m"", ""model_version"": ""exp4-logistic_regression"", ""feature_null_share"": 0.0, ""missing_model_features"": [], ""features_used"": {""bls_laus_labor_force__latest_value"": 217018.0, ""bls_laus_labor_force__pct_change_12m"": 0.0, ""bls_laus_labor_force__zscore_national"": -1.049641, ""bls_laus_unemployed__latest_value"": 12153.0, ""bls_laus_unemployed__pct_change_12m"": 19.158741, ""bls_laus_unemployed__zscore_national"": -0.794656, ""bls_laus_unemployment_rate__change_1m"": 0.6, ""bls_laus_unemployment_rate__change_3m"": 0.7, ""bls_laus_unemployment_rate__latest_value"": 5.6, ""bls_laus_unemployment_rate__missing_indicator"": 0.0, ""bls_laus_unemployment_rate__pct_change_12m"": 19.148936, ""bls_laus_unemployment_rate__rank_national"": 16.0, ""bls_laus_unemployment_rate__rank_state"": 4.0, ""bls_laus_unemployment_rate__rolling_avg_12m"": 5.25, ""bls_laus_unemployment_rate__rolling_avg_3m"": 5.2, ""bls_laus_unemployment_rate__zscore_national"": 0.286202, ""bls_laus_unemployment_rate__zscore_state"": -0.328535, ""census_acs_median_gross_rent__latest_value"": 752.0, ""census_acs_median_gross_rent__rank_national"": 64.0, ""census_acs_median_gross_rent__zscore_national"": -1.901596, ""census_acs_median_household_income__latest_value"": 93619.0, ""census_acs_median_household_income__rank_national"": 3.0, ""census_acs_median_household_income__zscore_national"": 1.584597, ""census_acs_poverty_population__latest_value"": 6520.0, ""census_acs_poverty_population__per_capita"": 0.108607, ""census_acs_poverty_population__zscore_national"": -1.352854, ""fema_nri_community_resilience__latest_value"": 64.5, ""fema_nri_community_resilience__rank_national"": 10.0, ""fema_nri_community_resilience__zscore_national"": 1.256693, ""fema_nri_eal_score__latest_value"": 22.25, ""fema_nri_eal_score__rank_national"": 50.0, ""fema_nri_eal_score__zscore_national"": -0.805791, ""fema_nri_risk_score__latest_value"": 24.99, ""fema_nri_risk_score__rank_national"": 50.0, ""fema_nri_risk_score__zscore_national"": -0.759653, ""fema_nri_social_vulnerability__latest_value"": 26.27, ""fema_nri_social_vulnerability__rank_national"": 47.0, ""fema_nri_social_vulnerability__zscore_national"": -0.829391}}"
22055,"Lafayette, LA",2025-12-01,5.9e-05,60,6,high,"[{""feature_id"": ""census_acs_poverty_population__per_capita"", ""contribution"": 0.3086, ""value"": 0.149015}, {""feature_id"": ""fema_nri_social_vulnerability__latest_value"", ""contribution"": 0.2822, ""value"": 50.06}, {""feature_id"": ""fema_nri_social_vulnerability__zscore_national"", ""contribution"": 0.2822, ""value"": 0.509722}]","[{""feature_id"": ""fema_nri_risk_score__zscore_national"", ""contribution"": -0.4992, ""value"": -1.335911}, {""feature_id"": ""fema_nri_risk_score__latest_value"", ""contribution"": -0.4992, ""value"": 13.58}, {""feature_id"": ""fema_nri_risk_score__rank_national"", ""contribution"": -0.4817, ""value"": 60.0}]","{""recipe_id"": ""labour_shock_monitor"", ""event_id"": ""unemployment_spike_2pp_12m"", ""model_version"": ""exp4-logistic_regression"", ""feature_null_share"": 0.0, ""missing_model_features"": [], ""features_used"": {""bls_laus_labor_force__latest_value"": 892370.0, ""bls_laus_labor_force__pct_change_12m"": 0.0, ""bls_laus_labor_force__zscore_national"": 1.634867, ""bls_laus_unemployed__latest_value"": 24093.0, ""bls_laus_unemployed__pct_change_12m"": -15.625985, ""bls_laus_unemployed__zscore_national"": 0.010766, ""bls_laus_unemployment_rate__change_1m"": 0.1, ""bls_laus_unemployment_rate__change_3m"": -0.4, ""bls_laus_unemployment_rate__latest_value"": 2.7, ""bls_laus_unemployment_rate__missing_indicator"": 0.0, ""bls_laus_unemployment_rate__pct_change_12m"": -15.625, ""bls_laus_unemployment_rate__rank_national"": 64.0, ""bls_laus_unemployment_rate__rank_state"": 6.0, ""bls_laus_unemployment_rate__rolling_avg_12m"": 3.033333, ""bls_laus_unemployment_rate__rolling_avg_3m"": 2.7, ""bls_laus_unemployment_rate__zscore_national"": -1.353276, ""bls_laus_unemployment_rate__zscore_state"": -1.349342, ""census_acs_median_gross_rent__latest_value"": 1379.0, ""census_acs_median_gross_rent__rank_national"": 35.0, ""census_acs_median_gross_rent__zscore_national"": -0.063753, ""census_acs_median_household_income__latest_value"": 82192.0, ""census_acs_median_household_income__rank_national"": 15.0, ""census_acs_median_household_income__zscore_national"": 0.820992, ""census_acs_poverty_population__latest_value"": 371193.0, ""census_acs_poverty_population__per_capita"": 0.149015, ""census_acs_poverty_population__zscore_national"": 1.906852, ""fema_nri_community_resilience__latest_value"": 37.41, ""fema_nri_community_resilience__rank_national"": 52.0, ""fema_nri_community_resilience__zscore_national"": -0.981881, ""fema_nri_eal_score__latest_value"": 13.92, ""fema_nri_eal_score__rank_national"": 58.0, ""fema_nri_eal_score__zscore_national"": -1.224937, ""fema_nri_risk_score__latest_value"": 13.58, ""fema_nri_risk_score__rank_national"": 60.0, ""fema_nri_risk_score__zscore_national"": -1.335911, ""fema_nri_social_vulnerability__latest_value"": 50.06, ""fema_nri_social_vulnerability__rank_national"": 25.0, ""fema_nri_social_vulnerability__zscore_national"": 0.509722}}"
25025,"Suffolk, MA",2025-12-01,4.2e-05,61,1,high,"[{""feature_id"": ""bls_laus_unemployed__pct_change_12m"", ""contribution"": 0.1195, ""value"": 17.250674}, {""feature_id"": ""bls_laus_unemployment_rate__pct_change_12m"", ""contribution"": 0.1186, ""value"": 17.241379}, {""feature_id"": ""bls_laus_unemployment_rate__rank_state"", ""contribution"": 0.0321, ""value"": 1.0}]","[{""feature_id"": ""census_acs_median_household_income__zscore_national"", ""contribution"": -0.4403, ""value"": 1.641064}, {""feature_id"": ""census_acs_median_household_income__latest_value"", ""contribution"": -0.4403, ""value"": 94464.0}, {""feature_id"": ""census_acs_median_household_income__rank_national"", ""contribution"": -0.4252, ""value"": 1.0}]","{""recipe_id"": ""labour_shock_monitor"", ""event_id"": ""unemployment_spike_2pp_12m"", ""model_version"": ""exp4-logistic_regression"", ""feature_null_share"": 0.0263, ""missing_model_features"": [], ""features_used"": {""bls_laus_labor_force__latest_value"": 179119.0, ""bls_laus_labor_force__pct_change_12m"": 0.0, ""bls_laus_labor_force__zscore_national"": -1.200289, ""bls_laus_unemployed__latest_value"": 6090.0, ""bls_laus_unemployed__pct_change_12m"": 17.250674, ""bls_laus_unemployed__zscore_national"": -1.20364, ""bls_laus_unemployment_rate__change_1m"": 0.2, ""bls_laus_unemployment_rate__change_3m"": 0.2, ""bls_laus_unemployment_rate__latest_value"": 3.4, ""bls_laus_unemployment_rate__missing_indicator"": 0.0, ""bls_laus_unemployment_rate__pct_change_12m"": 17.241379, ""bls_laus_unemployment_rate__rank_national"": 57.0, ""bls_laus_unemployment_rate__rank_state"": 1.0, ""bls_laus_unemployment_rate__rolling_avg_12m"": 3.066667, ""bls_laus_unemployment_rate__rolling_avg_3m"": 3.233333, ""bls_laus_unemployment_rate__zscore_national"": -0.95754, ""bls_laus_unemployment_rate__zscore_state"": null, ""census_acs_median_gross_rent__latest_value"": 1676.0, ""census_acs_median_gross_rent__rank_national"": 14.0, ""census_acs_median_gross_rent__zscore_national"": 0.806804, ""census_acs_median_household_income__latest_value"": 94464.0, ""census_acs_median_household_income__rank_national"": 1.0, ""census_acs_median_household_income__zscore_national"": 1.641064, ""census_acs_poverty_population__latest_value"": 184513.0, ""census_acs_poverty_population__per_capita"": 0.118788, ""census_acs_poverty_population__zscore_national"": 0.238174, ""fema_nri_community_resilience__latest_value"": 45.06, ""fema_nri_community_resilience__rank_national"": 39.0, ""fema_nri_community_resilience__zscore_national"": -0.349726, ""fema_nri_eal_score__latest_value"": 32.3, ""fema_nri_eal_score__rank_national"": 38.0, ""fema_nri_eal_score__zscore_national"": -0.300098, ""fema_nri_risk_score__latest_value"": 31.67, ""fema_nri_risk_score__rank_national"": 43.0, ""fema_nri_risk_score__zscore_national"": -0.422282, ""fema_nri_social_vulnerability__latest_value"": 19.06, ""fema_nri_social_vulnerability__rank_national"": 58.0, ""fema_nri_social_vulnerability__zscore_national"": -1.235234}}"
34013,"Essex, NJ",2025-12-01,4.1e-05,62,1,high,"[{""feature_id"": ""bls_laus_unemployed__pct_change_12m"", ""contribution"": 0.0419, ""value"": 6.448344}, {""feature_id"": ""bls_laus_unemployment_rate__pct_change_12m"", ""contribution"": 0.0416, ""value"": 6.451613}, {""feature_id"": ""bls_laus_unemployment_rate__rank_state"", ""contribution"": 0.0321, ""value"": 1.0}]","[{""feature_id"": ""fema_nri_risk_score__rank_national"", ""contribution"": -0.3731, ""value"": 54.0}, {""feature_id"": ""fema_nri_risk_score__zscore_national"", ""contribution"": -0.3716, ""value"": -1.008136}, {""feature_id"": ""fema_nri_risk_score__latest_value"", ""contribution"": -0.3716, ""value"": 20.07}]","{""recipe_id"": ""labour_shock_monitor"", ""event_id"": ""unemployment_spike_2pp_12m"", ""model_version"": ""exp4-logistic_regression"", ""feature_null_share"": 0.0263, ""missing_model_features"": [], ""features_used"": {""bls_laus_labor_force__latest_value"": 700360.0, ""bls_laus_labor_force__pct_change_12m"": 0.0, ""bls_laus_labor_force__zscore_national"": 0.871632, ""bls_laus_unemployed__latest_value"": 23111.0, ""bls_laus_unemployed__pct_change_12m"": 6.448344, ""bls_laus_unemployed__zscore_national"": -0.055476, ""bls_laus_unemployment_rate__change_1m"": 0.2, ""bls_laus_unemployment_rate__change_3m"": 0.2, ""bls_laus_unemployment_rate__latest_value"": 3.3, ""bls_laus_unemployment_rate__missing_indicator"": 0.0, ""bls_laus_unemployment_rate__pct_change_12m"": 6.451613, ""bls_laus_unemployment_rate__rank_national"": 58.0, ""bls_laus_unemployment_rate__rank_state"": 1.0, ""bls_laus_unemployment_rate__rolling_avg_12m"": 3.083333, ""bls_laus_unemployment_rate__rolling_avg_3m"": 3.166667, ""bls_laus_unemployment_rate__zscore_national"": -1.014074, ""bls_laus_unemployment_rate__zscore_state"": null, ""census_acs_median_gross_rent__latest_value"": 1113.0, ""census_acs_median_gross_rent__rank_national"": 48.0, ""census_acs_median_gross_rent__zscore_national"": -0.843444, ""census_acs_median_household_income__latest_value"": 74844.0, ""census_acs_median_household_income__rank_national"": 29.0, ""census_acs_median_household_income__zscore_national"": 0.329964, ""census_acs_poverty_population__latest_value"": 168449.0, ""census_acs_poverty_population__per_capita"": 0.11181, ""census_acs_poverty_population__zscore_national"": 0.094582, ""fema_nri_community_resilience__latest_value"": 48.67, ""fema_nri_community_resilience__rank_national"": 31.0, ""fema_nri_community_resilience__zscore_national"": -0.051414, ""fema_nri_eal_score__latest_value"": 18.28, ""fema_nri_eal_score__rank_national"": 55.0, ""fema_nri_eal_score__zscore_national"": -1.005552, ""fema_nri_risk_score__latest_value"": 20.07, ""fema_nri_risk_score__rank_national"": 54.0, ""fema_nri_risk_score__zscore_national"": -1.008136, ""fema_nri_social_vulnerability__latest_value"": 20.11, ""fema_nri_social_vulnerability__rank_national"": 55.0, ""fema_nri_social_vulnerability__zscore_national"": -1.17613}}"
48029,"Bexar, TX",2025-12-01,2.9e-05,63,4,high,"[{""feature_id"": ""bls_laus_unemployment_rate__rolling_avg_12m"", ""contribution"": 0.0648, ""value"": 4.966667}, {""feature_id"": ""bls_laus_unemployment_rate__rolling_avg_3m"", ""contribution"": 0.0511, ""value"": 4.9}, {""feature_id"": ""census_acs_poverty_population__zscore_national"", ""contribution"": 0.0496, ""value"": 0.983296}]","[{""feature_id"": ""fema_nri_risk_score__latest_value"", ""contribution"": -0.5824, ""value"": 9.35}, {""feature_id"": ""fema_nri_risk_score__zscore_national"", ""contribution"": -0.5824, ""value"": -1.549545}, {""feature_id"": ""fema_nri_risk_score__rank_national"", ""contribution"": -0.5359, ""value"": 63.0}]","{""recipe_id"": ""labour_shock_monitor"", ""event_id"": ""unemployment_spike_2pp_12m"", ""model_version"": ""exp4-logistic_regression"", ""feature_null_share"": 0.0, ""missing_model_features"": [], ""features_used"": {""bls_laus_labor_force__latest_value"": 50079.0, ""bls_laus_labor_force__pct_change_12m"": 0.0, ""bls_laus_labor_force__zscore_national"": -1.71322, ""bls_laus_unemployed__latest_value"": 2403.0, ""bls_laus_unemployed__pct_change_12m"": -7.718894, ""bls_laus_unemployed__zscore_national"": -1.452349, ""bls_laus_unemployment_rate__change_1m"": -0.1, ""bls_laus_unemployment_rate__change_3m"": 0.3, ""bls_laus_unemployment_rate__latest_value"": 4.8, ""bls_laus_unemployment_rate__missing_indicator"": 0.0, ""bls_laus_unemployment_rate__pct_change_12m"": -7.692308, ""bls_laus_unemployment_rate__rank_national"": 34.0, ""bls_laus_unemployment_rate__rank_state"": 2.0, ""bls_laus_unemployment_rate__rolling_avg_12m"": 4.966667, ""bls_laus_unemployment_rate__rolling_avg_3m"": 4.9, ""bls_laus_unemployment_rate__zscore_national"": -0.166068, ""bls_laus_unemployment_rate__zscore_state"": 0.632692, ""census_acs_median_gross_rent__latest_value"": 1635.0, ""census_acs_median_gross_rent__rank_national"": 17.0, ""census_acs_median_gross_rent__zscore_national"": 0.686627, ""census_acs_median_household_income__latest_value"": 90026.0, ""census_acs_median_household_income__rank_national"": 6.0, ""census_acs_median_household_income__zscore_national"": 1.344496, ""census_acs_poverty_population__latest_value"": 267872.0, ""census_acs_poverty_population__per_capita"": 0.114672, ""census_acs_poverty_population__zscore_national"": 0.983296, ""fema_nri_community_resilience__latest_value"": 38.42, ""fema_nri_community_resilience__rank_national"": 48.0, ""fema_nri_community_resilience__zscore_national"": -0.89842, ""fema_nri_eal_score__latest_value"": 9.98, ""fema_nri_eal_score__rank_national"": 63.0, ""fema_nri_eal_score__zscore_national"": -1.423189, ""fema_nri_risk_score__latest_value"": 9.35, ""fema_nri_risk_score__rank_national"": 63.0, ""fema_nri_risk_score__zscore_national"": -1.549545, ""fema_nri_social_vulnerability__latest_value"": 38.33, ""fema_nri_social_vulnerability__rank_national"": 36.0, ""fema_nri_social_vulnerability__zscore_national"": -0.150546}}"
30111,"Yellowstone, MT",2025-12-01,1.2e-05,64,1,high,"[{""feature_id"": ""bls_laus_unemployed__pct_change_12m"", ""contribution"": 0.0608, ""value"": 9.086644}, {""feature_id"": ""bls_laus_unemployment_rate__pct_change_12m"", ""contribution"": 0.0604, ""value"": 9.090909}, {""feature_id"": ""bls_laus_unemployment_rate__rank_state"", ""contribution"": 0.0321, ""value"": 1.0}]","[{""feature_id"": ""census_acs_poverty_population__per_capita"", ""contribution"": -0.5374, ""value"": 0.091221}, {""feature_id"": ""fema_nri_risk_score__latest_value"", ""contribution"": -0.523, ""value"": 12.37}, {""feature_id"": ""fema_nri_risk_score__zscore_national"", ""contribution"": -0.523, ""value"": -1.397021}]","{""recipe_id"": ""labour_shock_monitor"", ""event_id"": ""unemployment_spike_2pp_12m"", ""model_version"": ""exp4-logistic_regression"", ""feature_null_share"": 0.0263, ""missing_model_features"": [], ""features_used"": {""bls_laus_labor_force__latest_value"": 193766.0, ""bls_laus_labor_force__pct_change_12m"": 0.0, ""bls_laus_labor_force__zscore_national"": -1.142068, ""bls_laus_unemployed__latest_value"": 6975.0, ""bls_laus_unemployed__pct_change_12m"": 9.086644, ""bls_laus_unemployed__zscore_national"": -1.143941, ""bls_laus_unemployment_rate__change_1m"": 0.3, ""bls_laus_unemployment_rate__change_3m"": 0.3, ""bls_laus_unemployment_rate__latest_value"": 3.6, ""bls_laus_unemployment_rate__missing_indicator"": 0.0, ""bls_laus_unemployment_rate__pct_change_12m"": 9.090909, ""bls_laus_unemployment_rate__rank_national"": 51.0, ""bls_laus_unemployment_rate__rank_state"": 1.0, ""bls_laus_unemployment_rate__rolling_avg_12m"": 3.583333, ""bls_laus_unemployment_rate__rolling_avg_3m"": 3.533333, ""bls_laus_unemployment_rate__zscore_national"": -0.844473, ""bls_laus_unemployment_rate__zscore_state"": null, ""census_acs_median_gross_rent__latest_value"": 1785.0, ""census_acs_median_gross_rent__rank_national"": 9.0, ""census_acs_median_gross_rent__zscore_national"": 1.126302, ""census_acs_median_household_income__latest_value"": 89127.0, ""census_acs_median_household_income__rank_national"": 8.0, ""census_acs_median_household_income__zscore_national"": 1.284421, ""census_acs_poverty_population__latest_value"": 192136.0, ""census_acs_poverty_population__per_capita"": 0.091221, ""census_acs_poverty_population__zscore_national"": 0.306314, ""fema_nri_community_resilience__latest_value"": 45.08, ""fema_nri_community_resilience__rank_national"": 38.0, ""fema_nri_community_resilience__zscore_national"": -0.348073, ""fema_nri_eal_score__latest_value"": 10.01, ""fema_nri_eal_score__rank_national"": 62.0, ""fema_nri_eal_score__zscore_national"": -1.421679, ""fema_nri_risk_score__latest_value"": 12.37, ""fema_nri_risk_score__rank_national"": 61.0, ""fema_nri_risk_score__zscore_national"": -1.397021, ""fema_nri_social_vulnerability__latest_value"": 33.84, ""fema_nri_social_vulnerability__rank_national"": 39.0, ""fema_nri_social_vulnerability__zscore_national"": -0.403284}}"
